,Sig_1_of_ID_293,Sig_2_of_ID_293,Sig_3_of_ID_293,Sig_4_of_ID_293,Sig_5_of_ID_293,Sig_6_of_ID_293,Sig_7_of_ID_293,Sig_1_of_ID_737,Sig_2_of_ID_737,Sig_1_of_ID_852,Sig_2_of_ID_852,Sig_3_of_ID_852,Sig_4_of_ID_852,Sig_1_of_ID_403,Sig_2_of_ID_403,Sig_3_of_ID_403,Sig_1_of_ID_1505,Sig_2_of_ID_1505,Sig_3_of_ID_1505,Sig_4_of_ID_1505,Sig_5_of_ID_1505,Sig_6_of_ID_1505,Sig_1_of_ID_526,Sig_2_of_ID_526,Sig_3_of_ID_526,Sig_4_of_ID_526,Sig_1_of_ID_14,Sig_2_of_ID_14,Sig_3_of_ID_14,Sig_1_of_ID_1314,Sig_2_of_ID_1314,Sig_3_of_ID_1314,Sig_4_of_ID_1314,Sig_1_of_ID_208,Sig_2_of_ID_208,Sig_3_of_ID_208,Sig_4_of_ID_208,Sig_5_of_ID_208,Sig_6_of_ID_208,Sig_7_of_ID_208,Sig_1_of_ID_51,Sig_2_of_ID_51,Sig_3_of_ID_51,Sig_4_of_ID_51,Sig_5_of_ID_51,Sig_6_of_ID_51,Sig_7_of_ID_51,Sig_1_of_ID_870,Sig_2_of_ID_870,Sig_3_of_ID_870,Sig_4_of_ID_870,Sig_5_of_ID_870,Sig_6_of_ID_870,Sig_1_of_ID_1408,Sig_2_of_ID_1408,Sig_3_of_ID_1408,Sig_1_of_ID_1076,Sig_2_of_ID_1076,Sig_3_of_ID_1076,Sig_4_of_ID_1076,Sig_5_of_ID_1076,Sig_1_of_ID_1760,Sig_2_of_ID_1760,Sig_3_of_ID_1760,Sig_4_of_ID_1760,Sig_1_of_ID_354,Sig_2_of_ID_354,Sig_3_of_ID_354,Sig_4_of_ID_354,Sig_5_of_ID_354,Sig_6_of_ID_354,Sig_7_of_ID_354,Sig_1_of_ID_167,Sig_2_of_ID_167,Sig_3_of_ID_167,Sig_4_of_ID_167,Sig_5_of_ID_167,Sig_6_of_ID_167,Sig_7_of_ID_167,Sig_8_of_ID_167,Sig_9_of_ID_167,Sig_1_of_ID_675,Sig_2_of_ID_675,Sig_3_of_ID_675,Sig_4_of_ID_675,Sig_5_of_ID_675,Sig_6_of_ID_675,Sig_7_of_ID_675,Sig_8_of_ID_675,Sig_9_of_ID_675,Sig_10_of_ID_675,Sig_11_of_ID_675,Sig_12_of_ID_675,Sig_1_of_ID_263,Sig_2_of_ID_263,Sig_3_of_ID_263,Sig_4_of_ID_263,Sig_5_of_ID_263,Sig_6_of_ID_263,Sig_7_of_ID_263,Sig_8_of_ID_263,Sig_9_of_ID_263,Sig_1_of_ID_1176,Sig_2_of_ID_1176,Sig_3_of_ID_1176,Sig_4_of_ID_1176,Sig_5_of_ID_1176,Sig_1_of_ID_560,Sig_2_of_ID_560,Sig_3_of_ID_560,Sig_4_of_ID_560,Sig_1_of_ID_961,Sig_2_of_ID_961,Sig_3_of_ID_961,Sig_4_of_ID_961,Sig_5_of_ID_961,Sig_1_of_ID_1398,Sig_2_of_ID_1398,Sig_3_of_ID_1398,Sig_4_of_ID_1398,Sig_1_of_ID_1694,Sig_2_of_ID_1694,Sig_3_of_ID_1694,Sig_4_of_ID_1694,Sig_5_of_ID_1694,Sig_6_of_ID_1694,Sig_1_of_ID_651,Sig_2_of_ID_651,Sig_1_of_ID_339,Sig_2_of_ID_339,Sig_3_of_ID_339,Sig_4_of_ID_339,Sig_5_of_ID_339,Sig_6_of_ID_339,Sig_7_of_ID_339,Sig_8_of_ID_339,Sig_9_of_ID_339,Sig_10_of_ID_339,Sig_11_of_ID_339,Sig_12_of_ID_339,Sig_13_of_ID_339,Sig_1_of_ID_1634,Sig_2_of_ID_1634,Sig_1_of_ID_412,Sig_2_of_ID_412,Sig_3_of_ID_412,Sig_4_of_ID_412,Sig_5_of_ID_412,Sig_1_of_ID_628,Sig_2_of_ID_628,Sig_3_of_ID_628,Sig_4_of_ID_628,Sig_5_of_ID_628,Sig_6_of_ID_628,Sig_7_of_ID_628,Sig_8_of_ID_628,Sig_9_of_ID_628,Sig_10_of_ID_628,Sig_11_of_ID_628,Sig_12_of_ID_628,Sig_13_of_ID_628,Sig_14_of_ID_628,Sig_15_of_ID_628,Sig_16_of_ID_628,Sig_1_of_ID_192,Sig_2_of_ID_192,Sig_3_of_ID_192,Sig_1_of_ID_1788,Sig_2_of_ID_1788,Sig_3_of_ID_1788,Sig_4_of_ID_1788,Sig_5_of_ID_1788,Sig_6_of_ID_1788,Sig_7_of_ID_1788,Sig_8_of_ID_1788,Sig_9_of_ID_1788,Sig_10_of_ID_1788,Sig_11_of_ID_1788,Sig_1_of_ID_569,Sig_2_of_ID_569,Sig_3_of_ID_569,Sig_4_of_ID_569,Sig_5_of_ID_569,Sig_1_of_ID_661,Sig_2_of_ID_661,Sig_1_of_ID_186,Sig_2_of_ID_186,Sig_3_of_ID_186,Sig_4_of_ID_186,Sig_5_of_ID_186,Sig_6_of_ID_186,Sig_7_of_ID_186,Sig_8_of_ID_186,Sig_1_of_ID_692,Sig_2_of_ID_692,Sig_3_of_ID_692,Sig_4_of_ID_692,Sig_5_of_ID_692,Sig_6_of_ID_692,Sig_7_of_ID_692,Sig_8_of_ID_692,Sig_9_of_ID_692,Sig_1_of_ID_1307,Sig_2_of_ID_1307,Sig_3_of_ID_1307,Sig_4_of_ID_1307,Sig_5_of_ID_1307,Sig_6_of_ID_1307,Sig_7_of_ID_1307,Sig_8_of_ID_1307,Sig_9_of_ID_1307,Sig_10_of_ID_1307,Sig_11_of_ID_1307,Sig_12_of_ID_1307,Sig_13_of_ID_1307,Sig_14_of_ID_1307,Sig_15_of_ID_1307,Sig_1_of_ID_1175,Sig_2_of_ID_1175,Sig_1_of_ID_813,Sig_2_of_ID_813,Sig_3_of_ID_813,Sig_4_of_ID_813,Sig_5_of_ID_813,Sig_6_of_ID_813,Sig_7_of_ID_813,Sig_8_of_ID_813,Sig_9_of_ID_813,Sig_10_of_ID_813,Sig_11_of_ID_813,Sig_1_of_ID_1277,Sig_2_of_ID_1277,Sig_3_of_ID_1277,Sig_4_of_ID_1277,Sig_5_of_ID_1277,Sig_6_of_ID_1277,Sig_7_of_ID_1277,Sig_8_of_ID_1277,Sig_9_of_ID_1277,Sig_10_of_ID_1277,Sig_1_of_ID_1399,Sig_2_of_ID_1399,Sig_1_of_ID_722,Sig_2_of_ID_722,Sig_3_of_ID_722,Sig_4_of_ID_722,Sig_5_of_ID_722,Sig_6_of_ID_722,Sig_7_of_ID_722,Sig_8_of_ID_722,Sig_1_of_ID_683,Sig_2_of_ID_683,Sig_3_of_ID_683,Sig_1_of_ID_1644,Sig_2_of_ID_1644,Sig_3_of_ID_1644,Sig_4_of_ID_1644,Sig_5_of_ID_1644,Sig_6_of_ID_1644,Sig_7_of_ID_1644,Sig_8_of_ID_1644,Sig_9_of_ID_1644,Sig_1_of_ID_1751,Sig_2_of_ID_1751,Sig_3_of_ID_1751,Sig_4_of_ID_1751,Sig_5_of_ID_1751,Sig_6_of_ID_1751,Sig_7_of_ID_1751,Sig_8_of_ID_1751,Sig_1_of_ID_300,Sig_2_of_ID_300,Sig_3_of_ID_300,Sig_4_of_ID_300,Sig_5_of_ID_300,Sig_6_of_ID_300,Sig_7_of_ID_300,Sig_1_of_ID_622,Sig_2_of_ID_622,Sig_3_of_ID_622,Sig_4_of_ID_622,Sig_5_of_ID_622,Sig_6_of_ID_622,Sig_7_of_ID_622,Sig_8_of_ID_622,Sig_9_of_ID_622,Sig_10_of_ID_622,Sig_1_of_ID_60,Sig_2_of_ID_60,Sig_1_of_ID_1255,Sig_2_of_ID_1255,Sig_1_of_ID_1668,Sig_2_of_ID_1668,Sig_3_of_ID_1668,Sig_4_of_ID_1668,Sig_5_of_ID_1668,Sig_6_of_ID_1668,Sig_1_of_ID_1590,Sig_2_of_ID_1590,Sig_3_of_ID_1590,Sig_4_of_ID_1590,Sig_5_of_ID_1590,Sig_1_of_ID_727,Sig_2_of_ID_727,Sig_3_of_ID_727,Sig_1_of_ID_778,Sig_2_of_ID_778,Sig_3_of_ID_778,Sig_4_of_ID_778,Sig_5_of_ID_778,Sig_6_of_ID_778,Sig_7_of_ID_778,Sig_8_of_ID_778,Sig_9_of_ID_778,Sig_1_of_ID_61,Sig_2_of_ID_61,Sig_3_of_ID_61,Sig_4_of_ID_61,Sig_5_of_ID_61,Sig_1_of_ID_452,Sig_2_of_ID_452,Sig_3_of_ID_452,Sig_4_of_ID_452,Sig_5_of_ID_452,Sig_6_of_ID_452,Sig_7_of_ID_452,Sig_8_of_ID_452,Sig_9_of_ID_452,Sig_1_of_ID_676,Sig_2_of_ID_676,Sig_3_of_ID_676,Sig_4_of_ID_676,Sig_5_of_ID_676,Sig_1_of_ID_996,Sig_2_of_ID_996,Sig_3_of_ID_996,Sig_4_of_ID_996,Sig_5_of_ID_996,Sig_1_of_ID_1628,Sig_2_of_ID_1628,Sig_3_of_ID_1628,Sig_4_of_ID_1628,Sig_5_of_ID_1628,Sig_6_of_ID_1628,Sig_7_of_ID_1628,Sig_8_of_ID_1628,Sig_1_of_ID_519,Sig_2_of_ID_519,Sig_3_of_ID_519,Sig_4_of_ID_519,Sig_5_of_ID_519,Sig_6_of_ID_519,Sig_7_of_ID_519,Sig_8_of_ID_519,Sig_9_of_ID_519,Sig_10_of_ID_519,Sig_11_of_ID_519,Sig_1_of_ID_1225,Sig_2_of_ID_1225,Sig_3_of_ID_1225,Sig_4_of_ID_1225,Sig_5_of_ID_1225,Sig_6_of_ID_1225,Sig_7_of_ID_1225,Sig_8_of_ID_1225,Sig_9_of_ID_1225,Sig_1_of_ID_1459,Sig_2_of_ID_1459,Sig_3_of_ID_1459,Sig_4_of_ID_1459,Sig_5_of_ID_1459,Sig_1_of_ID_470,Sig_2_of_ID_470,Sig_3_of_ID_470,Sig_4_of_ID_470,Sig_5_of_ID_470,Sig_6_of_ID_470,Sig_7_of_ID_470,Sig_8_of_ID_470,Sig_9_of_ID_470,Sig_10_of_ID_470,Sig_11_of_ID_470,Sig_12_of_ID_470,Sig_13_of_ID_470,Sig_14_of_ID_470,Sig_1_of_ID_1413,Sig_2_of_ID_1413,Sig_3_of_ID_1413,Sig_4_of_ID_1413,Sig_5_of_ID_1413,Sig_6_of_ID_1413,Sig_7_of_ID_1413,Sig_8_of_ID_1413,Sig_9_of_ID_1413,Sig_10_of_ID_1413,Sig_11_of_ID_1413,Sig_12_of_ID_1413,Sig_13_of_ID_1413,Sig_1_of_ID_215,Sig_2_of_ID_215,Sig_3_of_ID_215,Sig_4_of_ID_215,Sig_5_of_ID_215,Sig_1_of_ID_458,Sig_2_of_ID_458,Sig_3_of_ID_458,Sig_1_of_ID_1049,Sig_2_of_ID_1049,Sig_3_of_ID_1049,Sig_4_of_ID_1049,Sig_5_of_ID_1049,Sig_6_of_ID_1049,Sig_7_of_ID_1049,Sig_8_of_ID_1049,Sig_1_of_ID_1331,Sig_1_of_ID_1372,Sig_2_of_ID_1372,Sig_3_of_ID_1372,Sig_4_of_ID_1372,Sig_5_of_ID_1372,Sig_6_of_ID_1372,Sig_7_of_ID_1372,Sig_8_of_ID_1372,Sig_9_of_ID_1372,Sig_1_of_ID_738,Sig_2_of_ID_738,Sig_3_of_ID_738,Sig_4_of_ID_738,Sig_5_of_ID_738,Sig_6_of_ID_738,Sig_7_of_ID_738,Sig_1_of_ID_837,Sig_2_of_ID_837,Sig_3_of_ID_837,Sig_4_of_ID_837,Sig_5_of_ID_837,Sig_6_of_ID_837,Sig_7_of_ID_837,Sig_1_of_ID_1072,Sig_2_of_ID_1072,Sig_3_of_ID_1072,Sig_4_of_ID_1072,Sig_5_of_ID_1072,Sig_6_of_ID_1072,Sig_7_of_ID_1072,Sig_8_of_ID_1072,Sig_1_of_ID_304,Sig_2_of_ID_304,Sig_3_of_ID_304,Sig_4_of_ID_304,Sig_5_of_ID_304,Sig_6_of_ID_304,Sig_1_of_ID_1031,Sig_2_of_ID_1031,Sig_3_of_ID_1031,Sig_4_of_ID_1031,Sig_5_of_ID_1031,Sig_6_of_ID_1031,Sig_7_of_ID_1031,Sig_8_of_ID_1031,Sig_9_of_ID_1031,Sig_10_of_ID_1031,Sig_11_of_ID_1031,Sig_12_of_ID_1031,Sig_13_of_ID_1031,Sig_1_of_ID_244,Sig_2_of_ID_244,Sig_3_of_ID_244,Sig_4_of_ID_244,Sig_1_of_ID_1124,Sig_2_of_ID_1124,Sig_3_of_ID_1124,Sig_4_of_ID_1124,Sig_5_of_ID_1124,Sig_6_of_ID_1124,Sig_1_of_ID_705,Sig_2_of_ID_705,Sig_3_of_ID_705,Sig_4_of_ID_705,Sig_5_of_ID_705,Sig_6_of_ID_705,Sig_7_of_ID_705,Sig_8_of_ID_705,Sig_1_of_ID_1227,Sig_1_of_ID_640,Sig_2_of_ID_640,Sig_3_of_ID_640,Sig_4_of_ID_640,Sig_5_of_ID_640,Sig_1_of_ID_953,Sig_2_of_ID_953,Sig_3_of_ID_953,Sig_1_of_ID_253,Sig_2_of_ID_253,Sig_1_of_ID_420,Sig_2_of_ID_420,Sig_3_of_ID_420,Sig_1_of_ID_663,Sig_2_of_ID_663,Sig_3_of_ID_663,Sig_4_of_ID_663,Sig_5_of_ID_663,Sig_6_of_ID_663,Sig_7_of_ID_663,Sig_8_of_ID_663,Sig_9_of_ID_663,Sig_10_of_ID_663,Sig_11_of_ID_663,Sig_12_of_ID_663,Sig_13_of_ID_663,Sig_14_of_ID_663,Sig_15_of_ID_663,Sig_16_of_ID_663,Sig_17_of_ID_663,Sig_18_of_ID_663,Sig_19_of_ID_663,Sig_20_of_ID_663,Sig_21_of_ID_663,Sig_22_of_ID_663,Sig_1_of_ID_1560,Sig_2_of_ID_1560,Sig_3_of_ID_1560,Sig_4_of_ID_1560,Sig_1_of_ID_117,Sig_2_of_ID_117,Sig_3_of_ID_117,Sig_1_of_ID_58,Sig_1_of_ID_631,Sig_2_of_ID_631,Sig_3_of_ID_631,Sig_4_of_ID_631,Sig_5_of_ID_631,Sig_1_of_ID_930,Sig_2_of_ID_930,Sig_3_of_ID_930,Sig_4_of_ID_930,Sig_5_of_ID_930,Sig_6_of_ID_930,Sig_1_of_ID_1649,Sig_2_of_ID_1649,Sig_1_of_ID_1533,Sig_2_of_ID_1533,Sig_1_of_ID_37,Sig_2_of_ID_37,Sig_3_of_ID_37,Sig_4_of_ID_37,Sig_1_of_ID_426,Sig_2_of_ID_426,Sig_3_of_ID_426,Sig_4_of_ID_426,Sig_1_of_ID_695,Sig_2_of_ID_695,Sig_1_of_ID_627,Sig_2_of_ID_627,Sig_1_of_ID_881,Sig_2_of_ID_881,Sig_1_of_ID_1661,Sig_2_of_ID_1661,Sig_3_of_ID_1661,Sig_4_of_ID_1661,Sig_5_of_ID_1661,Sig_6_of_ID_1661,Sig_7_of_ID_1661,Sig_8_of_ID_1661,Sig_1_of_ID_204,Sig_2_of_ID_204,Sig_3_of_ID_204,Sig_4_of_ID_204,Sig_5_of_ID_204,Sig_6_of_ID_204,Sig_7_of_ID_204,Sig_8_of_ID_204,Sig_1_of_ID_485,Sig_2_of_ID_485,Sig_3_of_ID_485,Sig_1_of_ID_241,Sig_2_of_ID_241,Sig_3_of_ID_241,Sig_4_of_ID_241,Sig_5_of_ID_241,Sig_1_of_ID_1621,Sig_2_of_ID_1621,Sig_3_of_ID_1621,Sig_4_of_ID_1621,Sig_5_of_ID_1621,Sig_6_of_ID_1621,Sig_7_of_ID_1621,Sig_8_of_ID_1621,Sig_9_of_ID_1621,Sig_1_of_ID_65,Sig_2_of_ID_65,Sig_3_of_ID_65,Sig_1_of_ID_6,Sig_2_of_ID_6,Sig_3_of_ID_6,Sig_1_of_ID_1455,Sig_2_of_ID_1455,Sig_3_of_ID_1455,Sig_4_of_ID_1455,Sig_5_of_ID_1455,Sig_6_of_ID_1455,Sig_7_of_ID_1455,Sig_8_of_ID_1455,Sig_9_of_ID_1455,Sig_10_of_ID_1455,Sig_11_of_ID_1455,Sig_12_of_ID_1455,Sig_13_of_ID_1455,Sig_14_of_ID_1455,Sig_15_of_ID_1455,Sig_1_of_ID_1262,Sig_2_of_ID_1262,Sig_3_of_ID_1262,Sig_4_of_ID_1262,Sig_5_of_ID_1262,Sig_6_of_ID_1262,Sig_7_of_ID_1262,Sig_8_of_ID_1262,Sig_9_of_ID_1262,Sig_10_of_ID_1262,Sig_11_of_ID_1262,Sig_1_of_ID_1693,Sig_2_of_ID_1693,Sig_3_of_ID_1693,Sig_4_of_ID_1693,Sig_5_of_ID_1693,Sig_6_of_ID_1693,Sig_7_of_ID_1693,Sig_8_of_ID_1693,Sig_9_of_ID_1693,Sig_10_of_ID_1693,Sig_11_of_ID_1693,Sig_12_of_ID_1693,Sig_13_of_ID_1693,Sig_14_of_ID_1693,Sig_15_of_ID_1693,Sig_16_of_ID_1693,Sig_17_of_ID_1693,Sig_1_of_ID_1512,Sig_2_of_ID_1512,Sig_3_of_ID_1512,Sig_4_of_ID_1512,Sig_5_of_ID_1512,Sig_6_of_ID_1512,Sig_7_of_ID_1512,Sig_8_of_ID_1512,Sig_9_of_ID_1512,Sig_10_of_ID_1512,Sig_1_of_ID_248,Sig_2_of_ID_248,Sig_3_of_ID_248,Sig_4_of_ID_248,Sig_5_of_ID_248,Sig_6_of_ID_248,Sig_7_of_ID_248,Sig_1_of_ID_541,Sig_2_of_ID_541,Sig_3_of_ID_541,Sig_4_of_ID_541,Sig_5_of_ID_541,Sig_6_of_ID_541,Sig_7_of_ID_541,Sig_8_of_ID_541,Sig_9_of_ID_541
ambient_dyno_drive_basic_long_max,2404.0,2416.0,2410.0,2437.0,93.0,1.0,16678.0,33005.0,0.0,255.0,15.0,511.0,2.0,3.0,1.0,0.0,33187.0,0.0,0.0,1.0,0.0,0.0,3.0,582.0,1.0,611.0,717.0,0.0,0.0,0.0,10.0,0.0,0.0,923.0,0.0,0.0,1.0,1.0,511.0,255.0,255.0,1.0,1.0,96.0,1.0,610.0,64.0,1.0,36.0,147.0,2.0,21.0,141.0,0.0,0.0,0.0,1.0,0.0,0.0,1.0,1.0,0.0,0.0,0.0,1.0,2.0,611.0,1.0,25.0,253.0,707.0,1.0,512.0,16.0,68.0,735.0,539.0,253.0,0.0,96.0,3.0,4.0,7.0,1.0,255.0,33322.0,628.0,15.0,609.0,1.0,3.0,255.0,2785.0,0.0,763.0,127.0,6144.0,3.0,15.0,249.0,131.0,1.0,5.0,16.0,0.0,7.0,1.0,-1.0,1.0,0.0,0.0,4.0,31.0,4.0,0.0,5.0,376.0,5.0,0.0,0.0,0.0,0.0,457.0,511.0,1.0,127.0,15.0,3.0,90.0,0.0,5.0,0.0,0.0,0.0,3.0,3.0,13.0,0.0,0.0,305.0,78.0,121.0,229.0,0.0,0.0,0.0,1.0,158.0,0.0,255.0,1.0,2940.0,2770.0,612.0,569.0,979.0,127.0,15.0,1091.0,575.0,0.0,1.0,0.0,4.0,1.0,0.0,0.0,0.0,0.0,0.0,0.0,0.0,0.0,0.0,0.0,0.0,1.0,0.0,0.0,1.0,254.0,15.0,32768.0,9044.0,255.0,255.0,255.0,255.0,750.0,33197.0,531.0,530.0,0.0,1.0,1.0,0.0,0.0,0.0,1.0,12.0,4095.0,4095.0,255.0,2786.0,15.0,1.0,63.0,1.0,1.0,3.0,1.0,3.0,70.0,-2.0,1.0,1.0,1.0,29.0,497.0,0.0,0.0,0.0,0.0,3.0,3.0,1.0,1.0,1.0,1.0,7.0,3.0,1.0,1.0,1.0,3.0,0.0,11.0,1.0,0.0,1.0,1.0,127.0,979.0,94.0,15.0,0.0,0.0,0.0,0.0,0.0,0.0,0.0,0.0,0.0,2.0,181.0,255.0,1.0,169.0,1.0,104.0,8217.0,0.0,1.0,0.0,0.0,706.0,1.0,3.0,1.0,2.0,84.0,5.0,42.0,5423.0,0.0,0.0,3.0,1.0,0.0,1.0,5.0,1.0,0.0,4.0,1.0,1.0,0.0,0.0,0.0,0.0,102.0,1.0,0.0,0.0,0.0,0.0,118.0,257.0,24.0,255.0,1.0,0.0,200.0,0.0,2.0,0.0,720.0,1.0,0.0,10.0,0.0,0.0,246.0,0.0,0.0,0.0,1.0,1.0,0.0,2.0,1.0,0.0,0.0,0.0,1.0,4.0,0.0,1.0,0.0,24.0,50642.0,0.0,0.0,46.0,1.0,1.0,0.0,0.0,0.0,1.0,2.0,-1.0,-1.0,377.0,0.0,241.0,-1.0,93.0,1.0,1.0,254.0,255.0,1.0,0.0,0.0,2.0,2.0,0.0,708.0,2.0,120.0,2.0,1.0,0.0,0.0,8.0,1.0,0.0,0.0,1.0,1.0,0.0,4.0,0.0,0.0,0.0,0.0,0.0,0.0,0.0,0.0,0.0,3.0,0.0,0.0,2.0,1.0,18.0,1.0,0.0,0.0,0.0,3.0,0.0,0.0,0.0,0.0,0.0,0.0,0.0,0.0,0.0,1.0,3.0,3.0,0.0,0.0,0.0,0.0,16649.0,1.0,1.0,2107.0,0.0,1.0,0.0,0.0,1000.0,0.0,0.0,683.0,0.0,0.0,3.0,1.0,0.0,-352.0,1.0,140.0,1.0,0.0,4.0,-1.0,0.0,1.0,29.0,0.0,125.0,2.0,0.0,1837.0,0.0,0.0,6.0,0.0,25.0,0.0,0.0,0.0,0.0,0.0,0.0,0.0,0.0,30.0,2.0,1.0,15.0,2.0,0.0,0.0,26.0,63.0,63.0,-2.0,0.0,0.0,1.0,4.0,49.0,1.0,2.0,3.0,235875.0,3.0,7.0,3.0,3.0,0.0,1.0,5.0,1.0,0.0,2.0,157.0,1.0,0.0,3.0,1490.0,2.0,1.0,1.0,0.0,1.0,1.0,1.0,11.0,3.0,0.0,1.0,9.0,3.0,50.0,3.0,1.0,1.0,1.0,7.0,1.0,9.0,1.0,3.0,1.0,2019.0,-312.0,1630.0,745.0,20.0,49.0,0.0,0.0,-1.0,0.0,-1.0,-1.0,-3.0,22.0,1.0,1.0,59.0,1.0,16.0,1.0,0.0,43.0,-3.0,1.0,1.0,0.0,0.0,-1.0,1.0,10.0,1.0,0.0,0.0,1.0,3.0,1.0,1.0,1.0,1.0,1.0,3.0,63.0,458.0,1.0,3.0,43.0,20.0,47.0,7.0,-1.0,1.0,1.0,21.0,5.0,1.0,3.0,496.0,2.0,59.0,19.0,0.0,0.0,0.0,43.0,1.0,1.0,16.0,0.0,3.0,1.0,1.0,11.0,147.0,3.0,0.0,3.0,0.0,95.0,0.0,82.0,648.0,0.0,0.0,2.0,0.0,4.0,0.0,2.0,0.0,46.0,31.0,1.0,1.0,1.0,62.0,0.0,3.0,62.0,1.0,1.0,1.0,0.0,1.0,-1.0,1.0,3.0,0.0,55.0,0.0,0.0,7.0,1.0,0.0,30.0,4.0,0.0,0.0,0.0,1.0,17.0,3.0,0.0,7.0,0.0,1.0,0.0,0.0,0.0,6.0,544.0,1.0,2.0,3.0,66.0,806.0,3.0,1.0,1.0,166917.0,0.0,0.0,0.0,0.0,0.0,0.0,0.0,0.0,0.0,0.0,1.0
ambient_dyno_drive_basic_long_min,0.0,0.0,0.0,0.0,63.0,1.0,13699.0,32753.0,0.0,0.0,0.0,209.0,1.0,3.0,1.0,0.0,32497.0,0.0,0.0,0.0,0.0,0.0,0.0,440.0,0.0,575.0,604.0,0.0,0.0,0.0,1.0,0.0,0.0,0.0,0.0,0.0,1.0,0.0,0.0,0.0,0.0,1.0,1.0,19.0,1.0,581.0,13.0,1.0,8.0,146.0,2.0,18.0,134.0,0.0,0.0,0.0,0.0,0.0,0.0,1.0,1.0,0.0,0.0,0.0,0.0,1.0,584.0,1.0,25.0,248.0,501.0,1.0,504.0,16.0,68.0,0.0,482.0,0.0,0.0,96.0,3.0,3.0,0.0,1.0,0.0,32750.0,603.0,0.0,562.0,0.0,0.0,0.0,0.0,0.0,0.0,-128.0,0.0,3.0,0.0,0.0,121.0,0.0,0.0,15.0,0.0,0.0,1.0,-11.0,0.0,0.0,0.0,1.0,31.0,2.0,0.0,0.0,220.0,0.0,0.0,0.0,0.0,0.0,449.0,0.0,1.0,-128.0,0.0,-4.0,87.0,0.0,4.0,0.0,0.0,0.0,2.0,-4.0,0.0,0.0,0.0,266.0,38.0,114.0,0.0,0.0,0.0,0.0,1.0,156.0,0.0,0.0,1.0,1100.0,0.0,416.0,439.0,0.0,-128.0,0.0,0.0,456.0,0.0,0.0,0.0,1.0,0.0,0.0,0.0,0.0,0.0,0.0,0.0,0.0,0.0,0.0,0.0,0.0,0.0,0.0,0.0,1.0,2.0,0.0,32466.0,0.0,0.0,0.0,0.0,0.0,0.0,32490.0,500.0,499.0,0.0,1.0,-2.0,0.0,0.0,0.0,1.0,12.0,1076.0,1076.0,0.0,0.0,0.0,1.0,44.0,1.0,1.0,1.0,1.0,1.0,70.0,-2.0,0.0,1.0,1.0,29.0,10.0,0.0,0.0,0.0,0.0,2.0,3.0,1.0,1.0,0.0,0.0,4.0,2.0,0.0,0.0,0.0,2.0,0.0,8.0,1.0,0.0,0.0,0.0,-128.0,0.0,65.0,0.0,0.0,0.0,0.0,0.0,0.0,0.0,0.0,0.0,0.0,2.0,66.0,0.0,0.0,163.0,1.0,103.0,8202.0,0.0,1.0,0.0,0.0,701.0,0.0,0.0,0.0,0.0,0.0,1.0,16.0,145.0,0.0,0.0,0.0,0.0,0.0,1.0,0.0,0.0,0.0,4.0,1.0,1.0,0.0,0.0,0.0,0.0,102.0,1.0,0.0,0.0,0.0,0.0,118.0,253.0,21.0,255.0,1.0,0.0,200.0,0.0,2.0,0.0,720.0,1.0,0.0,10.0,0.0,0.0,166.0,0.0,0.0,0.0,1.0,1.0,0.0,1.0,1.0,0.0,0.0,0.0,1.0,3.0,0.0,1.0,0.0,24.0,50597.0,0.0,0.0,46.0,1.0,1.0,0.0,0.0,0.0,1.0,2.0,-1.0,-1.0,371.0,0.0,-417.0,-1.0,-352.0,1.0,1.0,1.0,0.0,0.0,0.0,0.0,0.0,0.0,0.0,511.0,2.0,93.0,0.0,0.0,0.0,0.0,8.0,1.0,0.0,0.0,0.0,1.0,0.0,4.0,0.0,0.0,0.0,0.0,0.0,0.0,0.0,0.0,0.0,0.0,0.0,0.0,2.0,1.0,18.0,1.0,0.0,0.0,0.0,0.0,0.0,0.0,0.0,0.0,0.0,0.0,0.0,0.0,0.0,1.0,0.0,0.0,0.0,0.0,0.0,0.0,13698.0,1.0,1.0,1754.0,0.0,0.0,0.0,0.0,20.0,0.0,0.0,258.0,0.0,0.0,3.0,1.0,0.0,-352.0,1.0,140.0,1.0,0.0,4.0,-1.0,0.0,1.0,29.0,0.0,118.0,2.0,0.0,1811.0,0.0,0.0,6.0,0.0,25.0,0.0,0.0,0.0,0.0,0.0,0.0,0.0,0.0,14.0,1.0,1.0,0.0,2.0,0.0,0.0,26.0,62.0,62.0,-2.0,0.0,0.0,0.0,0.0,2.0,0.0,0.0,0.0,16129.0,0.0,0.0,0.0,0.0,-1.0,0.0,0.0,0.0,0.0,1.0,156.0,0.0,0.0,3.0,1445.0,0.0,0.0,0.0,-1.0,1.0,0.0,0.0,0.0,-1.0,-3.0,0.0,4.0,0.0,13.0,0.0,0.0,1.0,1.0,7.0,1.0,1.0,1.0,3.0,1.0,2019.0,-354.0,1613.0,744.0,20.0,49.0,0.0,0.0,-1.0,0.0,-1.0,-1.0,-3.0,22.0,1.0,1.0,53.0,1.0,16.0,1.0,0.0,42.0,-3.0,1.0,1.0,0.0,0.0,-1.0,1.0,1.0,1.0,0.0,0.0,1.0,3.0,1.0,1.0,1.0,1.0,1.0,1.0,7.0,138.0,1.0,3.0,43.0,20.0,4.0,0.0,-1.0,1.0,1.0,21.0,4.0,0.0,0.0,127.0,1.0,0.0,19.0,0.0,0.0,0.0,42.0,1.0,1.0,16.0,-8.0,0.0,1.0,1.0,11.0,147.0,3.0,0.0,3.0,0.0,95.0,0.0,82.0,648.0,0.0,0.0,2.0,0.0,4.0,0.0,2.0,0.0,46.0,31.0,1.0,1.0,1.0,62.0,0.0,3.0,62.0,1.0,1.0,1.0,0.0,1.0,-1.0,1.0,3.0,-4.0,0.0,0.0,0.0,7.0,1.0,0.0,30.0,4.0,0.0,0.0,0.0,1.0,17.0,3.0,0.0,7.0,0.0,1.0,0.0,0.0,0.0,6.0,543.0,1.0,2.0,3.0,66.0,806.0,3.0,1.0,1.0,1.0,0.0,0.0,0.0,0.0,0.0,0.0,0.0,0.0,0.0,-1.0,0.0
ambient_dyno_idle_radio_infotainment_max,0.0,155.0,5169.0,0.0,0.0,0.0,1.0,11.0,2.0,59.0,-1.0,0.0,0.0,0.0,33.0,0.0,0.0,17.0,84.0,8859.0,0.0,1.0,3.0,0.0,4023.0,1.0,1.0,3.0,131.0,1.0,1.0,2.0,440.0,2.0,3.0,1.0,0.0,1.0,1.0,0.0,4.0,1.0,0.0,0.0,2.0,1.0,1.0,0.0,0.0,1.0,2.0,3.0,0.0,1.0,1.0,18.0,1.0,1.0,3.0,0.0,4.0,1.0,59.0,249.0,15.0,247.0,1.0,1.0,0.0,1.0,1.0,1.0,11.0,3.0,0.0,1.0,9.0,3.0,50.0,3.0,1.0,1.0,0.0,0.0,0.0,1.0,0.0,1.0,0.0,1.0,3.0,1.0,1.0,3.0,1.0,1.0,0.0,1.0,2.0,1.0,17.0,2.0,3.0,12.0,0.0,1.0,1.0,0.0,0.0,1.0,4.0,49.0,1.0,2.0,3.0,228608.0,3.0,7.0,3.0,3.0,0.0,1.0,5.0,1.0,1.0,0.0,-1.0,0.0,1.0,102.0,1.0,1.0,1.0,1.0,0.0,8.0,512.0,1.0,5.0,3.0,61.0,1048.0,3.0,-1.0,3.0,2.0,3.0,511.0,255.0,255.0,1.0,0.0,0.0,0.0,1.0,1.0,255.0,251.0,1.0,1.0,1.0,0.0,1.0,1.0,3.0,1.0,3.0,31.0,-1.0,1.0,1.0,1.0,29.0,262.0,0.0,0.0,0.0,0.0,1.0,3.0,1.0,1.0,3.0,1.0,7.0,1.0,1.0,1.0,1.0,3.0,3.0,8.0,1.0,0.0,1.0,1.0,11.0,179.0,3.0,0.0,1.0,0.0,0.0,0.0,0.0,0.0,0.0,0.0,0.0,0.0,0.0,0.0,0.0,0.0,1.0,1.0,0.0,1.0,13.0,1.0,3.0,0.0,1.0,0.0,0.0,0.0,16.0,33208.0,0.0,0.0,43.0,1.0,1.0,0.0,1.0,2.0,0.0,236.0,1.0,3.0,16.0,14.0,59.0,2.0,-1.0,1.0,1.0,32.0,0.0,0.0,3.0,381.0,2.0,0.0,0.0,0.0,1.0,10.0,0.0,1.0,0.0,0.0,1.0,3.0,1.0,1.0,1.0,1.0,1.0,1.0,3.0,1.0,0.0,1.0,5.0,1.0,9.0,1.0,1.0,1.0,1.0,2.0,1.0,10.0,2.0,0.0,200.0,0.0,2.0,0.0,567.0,0.0,0.0,10.0,0.0,20.0,29.0,255.0,0.0,0.0,132.0,1.0,4094.0,0.0,1022.0,1022.0,995.0,125.0,15.0,1071.0,511.0,0.0,0.0,1.0,4.0,1.0,127.0,15.0,32768.0,9024.0,0.0,0.0,0.0,0.0,0.0,0.0,0.0,0.0,4095.0,4095.0,252.0,0.0,15.0,1.0,1.0,126.0,2.0,2.0,15.0,126.0,995.0,90.0,15.0,0.0,0.0,1.0,3097872634851.0,32766.0,1.0,131.0,14.0,511.0,2.0,0.0,1.0,1.0,32770.0,1.0,32768.0,502.0,501.0,1.0,1.0,0.0,1.0,1.0,1.0,0.0,510.0,1.0,593.0,697.0,0.0,0.0,1.0,0.0,0.0,0.0,0.0,511.0,2.0,126.0,0.0,0.0,0.0,1.0,0.0,0.0,0.0,1.0,15080.0,0.0,1.0,1771.0,1.0,1.0,0.0,0.0,0.0,0.0,0.0,526.0,0.0,0.0,8.0,1.0,0.0,0.0,0.0,0.0,161.0,1.0,15173.0,0.0,3.0,1.0,0.0,0.0,1.0,140.0,1.0,0.0,4.0,-1.0,0.0,1.0,29.0,0.0,87.0,1.0,0.0,1681.0,0.0,0.0,0.0,0.0,24.0,0.0,0.0,0.0,0.0,0.0,0.0,10.0,0.0,0.0,0.0,0.0,0.0,2.0,1.0,0.0,28.0,66.0,66.0,1.0,0.0,0.0,1.0,0.0,0.0,0.0,0.0,31.0,735.0,0.0,0.0,3.0,0.0,0.0,1.0,1913.0,0.0,1572.0,747.0,0.0,0.0,0.0,0.0,0.0,0.0,3.0,0.0,95.0,0.0,82.0,648.0,0.0,0.0,2.0,0.0,4.0,0.0,2.0,0.0,46.0,31.0,1.0,1.0,1.0,62.0,0.0,3.0,62.0,1.0,1.0,1.0,0.0,0.0,0.0,396.0,0.0,0.0,0.0,0.0,0.0,0.0,0.0,0.0,0.0,0.0,-2.0,23.0,0.0,0.0,31.0,1.0,1.0,138.0,1.0,598.0,92.0,1.0,51.0,135.0,2.0,23.0,81.0,0.0,0.0,1.0,1.0,0.0,0.0,1.0,1.0,0.0,0.0,0.0,0.0,2.0,0.0,1.0,634.0,1.0,20.0,213.0,512.0,1.0,282.0,16.0,68.0,0.0,482.0,0.0,0.0,96.0,3.0,7.0,7.0,1.0,127.0,32768.0,654.0,15.0,634.0,0.0,0.0,252.0,0.0,0.0,0.0,0.0,0.0,3.0,15.0,0.0,125.0,0.0,0.0,15.0,1.0,7.0,1.0,0.0,1.0,0.0,1.0,4.0,31.0,2.0,0.0,0.0,238.0,0.0,0.0,0.0,0.0,1.0,0.0,0.0,0.0,3.0,0.0,0.0,0.0,50.0,1.0,5.0,0.0,0.0,0.0,88.0,39.0,61.0,0.0,-2.0,0.0,0.0,1.0,110.0,0.0,17.0,0.0,0.0,55.0,-2.0,1.0,-1.0,1.0,3.0,0.0,0.0,3.0,0.0,8.0,0.0,3.0,132.0,128.0,0.0,254.0,1.0,1.0,1.0,510.0,256.0,1.0,127.0,15.0,3.0,3.0,1.0,3.0
ambient_dyno_idle_radio_infotainment_min,0.0,-128.0,0.0,-1.0,0.0,0.0,0.0,0.0,0.0,0.0,-1.0,0.0,0.0,0.0,31.0,0.0,0.0,17.0,57.0,7809.0,0.0,0.0,0.0,0.0,4016.0,0.0,1.0,1.0,120.0,0.0,0.0,0.0,0.0,0.0,0.0,0.0,0.0,0.0,0.0,0.0,1.0,0.0,0.0,0.0,0.0,0.0,0.0,0.0,0.0,0.0,0.0,0.0,0.0,1.0,0.0,0.0,-2.0,0.0,0.0,0.0,4.0,1.0,59.0,249.0,15.0,247.0,1.0,0.0,-1.0,1.0,0.0,0.0,0.0,-1.0,-3.0,0.0,4.0,0.0,13.0,0.0,0.0,0.0,0.0,0.0,0.0,0.0,0.0,0.0,0.0,0.0,0.0,0.0,1.0,0.0,0.0,0.0,0.0,1.0,1.0,0.0,1.0,2.0,3.0,11.0,0.0,0.0,0.0,0.0,0.0,0.0,0.0,2.0,0.0,0.0,0.0,16129.0,0.0,0.0,0.0,0.0,-1.0,0.0,0.0,0.0,1.0,0.0,-2.0,0.0,1.0,102.0,1.0,1.0,1.0,0.0,0.0,8.0,493.0,1.0,2.0,3.0,61.0,1048.0,0.0,-8.0,2.0,0.0,0.0,232.0,0.0,0.0,0.0,-106.0,-1.0,-109.0,0.0,0.0,0.0,0.0,0.0,0.0,0.0,0.0,1.0,0.0,0.0,0.0,0.0,30.0,-6.0,1.0,0.0,0.0,29.0,258.0,0.0,0.0,0.0,0.0,0.0,0.0,0.0,0.0,0.0,0.0,4.0,0.0,0.0,0.0,0.0,2.0,3.0,8.0,1.0,0.0,0.0,0.0,10.0,162.0,1.0,-1.0,0.0,0.0,0.0,0.0,0.0,0.0,0.0,0.0,0.0,0.0,0.0,0.0,0.0,-1.0,1.0,1.0,0.0,0.0,0.0,0.0,0.0,0.0,0.0,0.0,0.0,0.0,0.0,33203.0,0.0,0.0,43.0,0.0,1.0,0.0,0.0,2.0,0.0,236.0,1.0,3.0,12.0,14.0,0.0,2.0,-1.0,1.0,1.0,-1.0,-1.0,0.0,3.0,381.0,1.0,0.0,0.0,0.0,1.0,10.0,-1.0,0.0,-1.0,-1.0,0.0,0.0,0.0,0.0,0.0,0.0,0.0,0.0,0.0,0.0,0.0,0.0,0.0,0.0,0.0,0.0,0.0,0.0,0.0,-1.0,0.0,0.0,0.0,0.0,0.0,0.0,1.0,0.0,565.0,0.0,0.0,2.0,0.0,0.0,28.0,0.0,0.0,0.0,128.0,0.0,2047.0,0.0,508.0,511.0,-1.0,-126.0,0.0,-2.0,511.0,0.0,0.0,0.0,4.0,0.0,112.0,0.0,32768.0,0.0,0.0,0.0,0.0,0.0,0.0,0.0,0.0,0.0,4095.0,4095.0,237.0,0.0,0.0,0.0,0.0,14.0,1.0,0.0,0.0,-127.0,-1.0,71.0,0.0,0.0,0.0,0.0,0.0,0.0,0.0,0.0,0.0,511.0,2.0,0.0,0.0,0.0,32765.0,0.0,32768.0,500.0,500.0,0.0,0.0,-2.0,0.0,0.0,0.0,0.0,491.0,0.0,0.0,0.0,0.0,0.0,0.0,0.0,0.0,0.0,0.0,511.0,0.0,0.0,0.0,0.0,0.0,0.0,-1.0,0.0,0.0,0.0,14997.0,0.0,0.0,0.0,0.0,0.0,0.0,0.0,0.0,0.0,0.0,510.0,0.0,0.0,7.0,0.0,0.0,0.0,0.0,0.0,75.0,0.0,14947.0,0.0,0.0,0.0,0.0,-352.0,0.0,0.0,1.0,0.0,4.0,-1.0,0.0,1.0,29.0,0.0,0.0,1.0,0.0,1680.0,0.0,0.0,0.0,0.0,0.0,0.0,0.0,0.0,0.0,0.0,0.0,1.0,0.0,0.0,0.0,0.0,0.0,0.0,0.0,0.0,0.0,0.0,0.0,-2.0,0.0,0.0,0.0,0.0,0.0,0.0,0.0,31.0,15.0,0.0,0.0,0.0,0.0,0.0,0.0,0.0,-196.0,0.0,747.0,0.0,0.0,0.0,0.0,0.0,0.0,3.0,0.0,95.0,0.0,82.0,648.0,0.0,0.0,2.0,0.0,4.0,0.0,2.0,0.0,46.0,31.0,1.0,1.0,1.0,62.0,0.0,3.0,62.0,1.0,1.0,1.0,0.0,-2.0,-1.0,0.0,0.0,0.0,0.0,0.0,0.0,0.0,0.0,0.0,0.0,0.0,-2.0,0.0,0.0,0.0,9.0,0.0,0.0,0.0,0.0,0.0,0.0,0.0,0.0,115.0,0.0,18.0,81.0,0.0,0.0,0.0,0.0,0.0,0.0,1.0,1.0,0.0,0.0,0.0,0.0,1.0,0.0,1.0,485.0,0.0,18.0,62.0,512.0,0.0,282.0,15.0,68.0,0.0,477.0,0.0,0.0,31.0,0.0,0.0,0.0,0.0,0.0,0.0,485.0,0.0,485.0,0.0,0.0,0.0,0.0,0.0,0.0,-19.0,0.0,0.0,0.0,0.0,125.0,0.0,0.0,15.0,1.0,0.0,0.0,-8.0,0.0,0.0,1.0,4.0,31.0,2.0,0.0,0.0,238.0,0.0,0.0,0.0,0.0,0.0,0.0,0.0,0.0,3.0,0.0,0.0,0.0,49.0,1.0,3.0,0.0,0.0,0.0,83.0,39.0,61.0,0.0,-2.0,0.0,0.0,0.0,76.0,0.0,16.0,0.0,0.0,33.0,-2.0,1.0,-1.0,1.0,0.0,0.0,0.0,0.0,-1.0,0.0,0.0,0.0,128.0,127.0,0.0,107.0,0.0,0.0,0.0,252.0,256.0,0.0,-128.0,0.0,2.0,2.0,0.0,2.0
ambient_dyno_drive_extended_long_max,1.0,2.0,0.0,2.0,0.0,0.0,0.0,0.0,0.0,117.0,0.0,0.0,0.0,0.0,0.0,2.0,130.0,128.0,1.0,170.0,1.0,0.0,0.0,260.0,267.0,1.0,89.0,15.0,0.0,1.0,32885.0,0.0,255.0,15.0,511.0,2.0,3.0,1.0,0.0,32913.0,1216.0,1206.0,1204.0,1204.0,0.0,32916.0,501.0,500.0,0.0,1.0,-2.0,1.0,0.0,0.0,0.0,506.0,1.0,664.0,739.0,0.0,23.0,82.0,0.0,0.0,0.0,1.0,0.0,0.0,1.0,1.0,0.0,0.0,0.0,1.0,2.0,3.0,1.0,633.0,1.0,21.0,214.0,512.0,1.0,286.0,15.0,59.0,0.0,477.0,254.0,0.0,149.0,1.0,15310.0,96.0,3.0,4.0,7.0,0.0,255.0,32930.0,658.0,15.0,633.0,1.0,0.0,255.0,1388.0,0.0,0.0,0.0,0.0,0.0,0.0,0.0,0.0,0.0,0.0,0.0,-4.0,0.0,3.0,15.0,87.0,129.0,0.0,0.0,15.0,1.0,7.0,0.0,-1.0,1.0,0.0,1.0,4.0,31.0,2.0,0.0,5.0,350.0,3.0,0.0,0.0,50.0,0.0,5.0,0.0,0.0,1.0,0.0,261.0,255.0,255.0,0.0,101.0,53.0,62.0,0.0,0.0,0.0,0.0,1.0,160.0,0.0,167.0,1.0,2055.0,1394.0,514.0,529.0,873.0,127.0,15.0,898.0,0.0,0.0,533.0,0.0,0.0,0.0,4.0,1.0,253.0,15.0,32768.0,9024.0,255.0,255.0,255.0,255.0,3.0,0.0,2.0,0.0,5.0,34.0,3167.0,0.0,0.0,2.0,0.0,1000.0,1.0,4095.0,4095.0,255.0,1389.0,15.0,127.0,873.0,94.0,15.0,0.0,0.0,0.0,0.0,0.0,105.0,8316.0,0.0,1.0,0.0,0.0,811.0,0.0,1000.0,223.0,0.0,0.0,0.0,0.0,0.0,30.0,2.0,1.0,15.0,1.0,1.0,95.0,1.0,664.0,63.0,1.0,32.0,148.0,2.0,2.0,0.0,9.0,5.0,12.0,12.0,-2.0,1.0,1.0,1.0,60.0,1.0,1.0,3.0,1.0,3.0,376.0,-6.0,0.0,1.0,1.0,32.0,99.0,0.0,0.0,0.0,0.0,3.0,3.0,1.0,1.0,1.0,1.0,7.0,3.0,1.0,1.0,1.0,3.0,0.0,3.0,0.0,0.0,1.0,1.0,-2.0,-1.0,73.0,0.0,0.0,0.0,0.0,2.0,0.0,561.0,1.0,120.0,2.0,0.0,0.0,0.0,-86.0,-1.0,-39.0,1.0,1.0,255.0,255.0,0.0,0.0,0.0,15307.0,1.0,1.0,1939.0,0.0,0.0,0.0,0.0,0.0,200.0,0.0,2.0,0.0,559.0,1.0,0.0,10.0,0.0,1000.0,0.0,0.0,609.0,0.0,0.0,8.0,1.0,0.0,0.0,9.0,0.0,0.0,0.0,18677.0,0.0,0.0,0.0,1.0,0.0,0.0,0.0,0.0,0.0,0.0,0.0,0.0,0.0,0.0,0.0,0.0,0.0,0.0,0.0,0.0,0.0,3.0,1.0,0.0,-234.0,1.0,264.0,1.0,0.0,4.0,-1.0,0.0,1.0,29.0,0.0,173.0,1.0,2.0,8567.0,0.0,0.0,1.0,0.0,123.0,0.0,0.0,0.0,0.0,1.0,0.0,0.0,0.0,1.0,4.0,0.0,1.0,0.0,0.0,264.0,10.0,3.0,6.0,0.0,0.0,0.0,0.0,0.0,3.0,0.0,7.0,0.0,1024.0,-1024.0,1024.0,0.0,1.0,1.0,1.0,0.0,0.0,0.0,0.0,0.0,0.0,0.0,0.0,0.0,0.0,0.0,0.0,46.0,0.0,542.0,541.0,0.0,0.0,0.0,0.0,0.0,3.0,7.0,1.0,2.0,1.0,53.0,32.0,1.0,3.0,0.0,21.0,12.0,2.0,46.0,1.0,1.0,0.0,0.0,1.0,1.0,0.0,0.0,1.0,0.0,1.0,1.0,1.0,11.0,3.0,0.0,1.0,9.0,3.0,50.0,3.0,1.0,1.0,17.0,0.0,0.0,0.0,0.0,1.0,0.0,0.0,0.0,1.0,4.0,49.0,1.0,3.0,3.0,271680.0,3.0,6.0,3.0,3.0,0.0,1.0,5.0,1.0,11.0,187.0,11.0,7.0,560.0,0.0,2.0,4.0,64.0,991.0,3.0,0.0,46.0,243.0,0.0,0.0,2.0,0.0,59.0,0.0,0.0,0.0,0.0,-1.0,0.0,0.0,0.0,0.0,1.0,0.0,0.0,0.0,0.0,1.0,1.0,1.0,24.0,6.0,0.0,1.0,-1.0,1.0,3.0,0.0,4.0,1.0,0.0,1.0,0.0,0.0,0.0,1.0,2293.0,0.0,0.0,90.0,244.0,10.0,244.0,1.0,0.0,1.0,2.0,0.0,1.0,0.0,4.0,0.0,0.0,0.0,0.0,0.0,0.0,0.0,0.0,1.0,0.0,0.0,0.0,0.0,1.0,18.0,1.0,0.0,0.0,0.0,3.0,0.0,0.0,0.0,0.0,0.0,0.0,0.0,0.0,0.0,1.0,3.0,3.0,0.0,20.0,30.0,68.0,0.0,59.0,0.0,2.0,0.0,0.0,18.0,0.0,0.0,4.0,1.0,1.0,7.0,1.0,1.0,1.0,1.0,0.0,-1.0,1.0,10.0,1.0,1.0,3.0,1.0,-1.0,0.0,-1.0,-1.0,0.0,0.0,1.0,3.0,1.0,1.0,1.0,1.0,1.0,1.0,5.0,0.0,0.0,31.0,0.0,4.0,0.0,0.0,18.0,1.0,0.0,1.0
ambient_dyno_drive_extended_long_min,1.0,2.0,0.0,2.0,0.0,0.0,0.0,0.0,0.0,117.0,0.0,0.0,0.0,0.0,0.0,2.0,112.0,127.0,0.0,167.0,1.0,0.0,0.0,228.0,202.0,1.0,-24.0,0.0,0.0,1.0,32649.0,0.0,0.0,0.0,235.0,2.0,3.0,1.0,0.0,32754.0,0.0,0.0,0.0,0.0,0.0,32763.0,501.0,500.0,0.0,1.0,-2.0,0.0,0.0,0.0,0.0,492.0,0.0,659.0,603.0,0.0,23.0,82.0,0.0,0.0,0.0,0.0,0.0,0.0,1.0,1.0,0.0,0.0,0.0,0.0,1.0,1.0,0.0,633.0,1.0,21.0,213.0,512.0,1.0,285.0,15.0,59.0,0.0,477.0,0.0,0.0,145.0,1.0,15005.0,96.0,3.0,3.0,0.0,0.0,0.0,32762.0,653.0,0.0,633.0,0.0,0.0,0.0,0.0,0.0,0.0,0.0,0.0,0.0,0.0,0.0,0.0,0.0,0.0,0.0,-106.0,0.0,3.0,0.0,0.0,122.0,0.0,0.0,15.0,1.0,0.0,0.0,-10.0,0.0,0.0,1.0,4.0,31.0,2.0,0.0,1.0,232.0,1.0,0.0,0.0,50.0,0.0,5.0,0.0,0.0,1.0,0.0,185.0,0.0,0.0,0.0,98.0,39.0,62.0,0.0,0.0,0.0,0.0,1.0,158.0,0.0,93.0,1.0,2033.0,0.0,507.0,481.0,0.0,-128.0,0.0,0.0,0.0,0.0,479.0,0.0,0.0,0.0,4.0,0.0,11.0,0.0,32492.0,0.0,0.0,0.0,0.0,0.0,1.0,0.0,0.0,0.0,3.0,31.0,3152.0,0.0,0.0,2.0,0.0,1000.0,1.0,2048.0,2048.0,0.0,0.0,0.0,-128.0,0.0,69.0,0.0,0.0,0.0,0.0,0.0,0.0,104.0,8282.0,0.0,1.0,0.0,0.0,804.0,0.0,0.0,119.0,0.0,0.0,0.0,0.0,0.0,14.0,1.0,1.0,0.0,1.0,1.0,31.0,1.0,660.0,21.0,1.0,11.0,147.0,2.0,2.0,0.0,7.0,5.0,12.0,12.0,-2.0,1.0,1.0,1.0,46.0,1.0,1.0,1.0,1.0,1.0,376.0,-6.0,0.0,1.0,1.0,32.0,39.0,0.0,0.0,0.0,0.0,2.0,3.0,1.0,1.0,0.0,0.0,5.0,2.0,0.0,0.0,0.0,2.0,0.0,3.0,0.0,0.0,1.0,0.0,-2.0,-1.0,72.0,0.0,0.0,0.0,0.0,0.0,0.0,511.0,1.0,102.0,0.0,0.0,0.0,0.0,-112.0,-1.0,-211.0,1.0,1.0,2.0,0.0,0.0,0.0,0.0,15008.0,1.0,1.0,1608.0,0.0,0.0,0.0,0.0,0.0,200.0,0.0,2.0,0.0,559.0,1.0,0.0,10.0,0.0,101.0,0.0,0.0,518.0,0.0,0.0,8.0,1.0,0.0,0.0,1.0,0.0,0.0,0.0,18632.0,0.0,0.0,0.0,1.0,0.0,0.0,0.0,0.0,0.0,0.0,0.0,0.0,0.0,0.0,0.0,0.0,0.0,0.0,0.0,0.0,0.0,3.0,1.0,0.0,-235.0,1.0,264.0,1.0,0.0,4.0,-1.0,0.0,1.0,29.0,0.0,172.0,1.0,2.0,8537.0,0.0,0.0,1.0,0.0,122.0,0.0,0.0,0.0,0.0,1.0,0.0,0.0,0.0,1.0,3.0,0.0,1.0,0.0,0.0,0.0,1.0,3.0,6.0,0.0,0.0,0.0,-1.0,0.0,2.0,-1.0,0.0,0.0,1024.0,-1024.0,1024.0,0.0,1.0,1.0,1.0,0.0,0.0,0.0,0.0,0.0,0.0,0.0,0.0,0.0,0.0,0.0,0.0,15.0,0.0,413.0,439.0,0.0,0.0,0.0,0.0,-8.0,0.0,7.0,1.0,1.0,1.0,51.0,32.0,1.0,3.0,0.0,19.0,11.0,2.0,46.0,1.0,1.0,0.0,0.0,1.0,1.0,0.0,0.0,0.0,-1.0,1.0,0.0,0.0,0.0,-1.0,-3.0,0.0,4.0,0.0,13.0,0.0,0.0,1.0,17.0,0.0,0.0,0.0,0.0,1.0,0.0,0.0,0.0,0.0,0.0,2.0,0.0,0.0,0.0,16129.0,0.0,0.0,0.0,0.0,-1.0,0.0,0.0,0.0,11.0,187.0,11.0,7.0,549.0,0.0,2.0,4.0,64.0,991.0,3.0,0.0,46.0,243.0,0.0,0.0,1.0,0.0,0.0,0.0,0.0,0.0,0.0,-1.0,0.0,0.0,0.0,0.0,1.0,0.0,0.0,0.0,0.0,1.0,1.0,1.0,24.0,6.0,0.0,1.0,-1.0,1.0,3.0,0.0,4.0,1.0,0.0,1.0,0.0,0.0,0.0,1.0,2249.0,0.0,0.0,90.0,244.0,10.0,244.0,1.0,0.0,1.0,2.0,0.0,1.0,0.0,4.0,0.0,0.0,0.0,0.0,0.0,0.0,0.0,0.0,1.0,0.0,0.0,0.0,0.0,1.0,18.0,1.0,0.0,0.0,0.0,3.0,0.0,0.0,0.0,0.0,0.0,0.0,0.0,0.0,0.0,1.0,0.0,0.0,0.0,20.0,30.0,66.0,0.0,0.0,0.0,2.0,0.0,0.0,17.0,0.0,0.0,4.0,1.0,1.0,7.0,1.0,1.0,1.0,1.0,0.0,-1.0,1.0,1.0,1.0,1.0,3.0,1.0,-1.0,0.0,-1.0,-1.0,0.0,0.0,1.0,3.0,1.0,1.0,1.0,1.0,1.0,1.0,5.0,0.0,0.0,29.0,0.0,4.0,0.0,0.0,17.0,1.0,-1.0,0.0
ambient_highway_street_driving_diagnostics_max,77.0,1.0,15172.0,0.0,1.0,15.0,620.0,0.0,0.0,252.0,0.0,0.0,0.0,220.0,6815.0,3.0,0.0,0.0,1.0,28.0,9.0,0.0,-4.0,0.0,3.0,15.0,0.0,125.0,0.0,0.0,0.0,0.0,109.0,8603.0,0.0,1.0,3.0,1.0,491.0,1.0,0.0,0.0,0.0,1.0,12.0,1.0,172.0,32765.0,0.0,131.0,14.0,511.0,2.0,3.0,1.0,0.0,32769.0,0.0,0.0,1.0,0.0,1.0,0.0,503.0,1.0,592.0,690.0,0.0,0.0,18.0,0.0,0.0,0.0,0.0,3.0,1.0,0.0,-352.0,1.0,140.0,1.0,0.0,4.0,-1.0,0.0,1.0,29.0,1.0,0.0,0.0,1.0,0.0,0.0,1.0,1.0,0.0,0.0,0.0,0.0,2.0,620.0,1.0,7.0,1.0,127.0,32768.0,644.0,0.0,0.0,15.0,0.0,7.0,1.0,-1.0,1.0,0.0,0.0,4.0,31.0,2.0,0.0,0.0,238.0,0.0,128.0,1.0,4094.0,0.0,1022.0,1022.0,723.0,127.0,15.0,836.0,0.0,0.0,0.0,0.0,81.0,1.0,4.0,1657.0,0.0,0.0,2.0,511.0,0.0,1.0,0.0,1.0,1.0,127.0,15.0,32768.0,1.0,3853100739223.0,9024.0,0.0,0.0,0.0,0.0,0.0,32768.0,501.0,500.0,0.0,1.0,-2.0,0.0,23.0,0.0,0.0,0.0,0.0,4095.0,4095.0,252.0,0.0,15.0,1.0,1.0,126.0,2.0,2.0,15.0,125.0,723.0,94.0,15.0,1.0,0.0,0.0,0.0,1.0,4.0,0.0,1.0,0.0,1.0,1.0,82.0,1.0,599.0,55.0,1.0,31.0,150.0,2.0,1.0,3.0,1.0,1.0,0.0,0.0,0.0,1.0,102.0,1.0,1.0,0.0,1.0,0.0,-1.0,-1.0,388.0,1.0,62.0,1.0,1.0,3.0,1.0,3.0,57.0,-2.0,1.0,1.0,1.0,29.0,212.0,0.0,0.0,0.0,0.0,1.0,3.0,1.0,1.0,3.0,1.0,7.0,3.0,1.0,1.0,1.0,3.0,1.0,0.0,1.0,0.0,1.0,1.0,0.0,0.0,0.0,0.0,0.0,0.0,511.0,2.0,120.0,0.0,0.0,0.0,0.0,0.0,0.0,15053.0,1.0,1.0,1771.0,0.0,1.0,0.0,0.0,1000.0,0.0,0.0,522.0,0.0,24.0,35060.0,0.0,0.0,46.0,1.0,1.0,0.0,0.0,0.0,200.0,0.0,2.0,0.0,626.0,1.0,0.0,10.0,0.0,0.0,8.0,1.0,0.0,0.0,19.0,152.0,23.0,222.0,512.0,1.0,550.0,16.0,68.0,0.0,481.0,0.0,0.0,96.0,3.0,4.0,0.0,0.0,78.0,1.0,5.0,0.0,0.0,0.0,227.0,39.0,132.0,0.0,4.0,0.0,0.0,0.0,0.0,10.0,0.0,0.0,707.0,0.0,5.0,0.0,0.0,0.0,0.0,0.0,0.0,0.0,0.0,0.0,0.0,0.0,0.0,2.0,1.0,0.0,0.0,0.0,3.0,31.0,735.0,0.0,0.0,3.0,0.0,577.0,1.0,2.0,0.0,0.0,27.0,65.0,65.0,-2.0,0.0,0.0,-1.0,1.0,-1.0,-1.0,1.0,4.0,49.0,1.0,2.0,3.0,229447.0,3.0,7.0,3.0,3.0,0.0,1.0,5.0,1.0,2003.0,-538.0,1499.0,602.0,0.0,3.0,0.0,95.0,0.0,82.0,648.0,0.0,0.0,2.0,0.0,4.0,0.0,2.0,0.0,46.0,31.0,1.0,1.0,1.0,62.0,0.0,3.0,62.0,1.0,1.0,1.0,0.0,1.0,1.0,0.0,0.0,-1.0,1.0,10.0,2.0,1.0,0.0,0.0,1.0,1.0,11.0,3.0,0.0,1.0,9.0,3.0,50.0,3.0,1.0,0.0,0.0,0.0,0.0,5.0,1.0,0.0,24.0,3.0,0.0,2.0,0.0,236.0,1.0,3.0,1.0,15.0,59.0,2.0,-1.0,1.0,1.0,32.0,0.0,0.0,3.0,381.0,1.0,20.0,34.0,0.0,0.0,75.0,265.0,31.0,265.0,1.0,1.0,3.0,1.0,1.0,1.0,1.0,1.0,0.0,1.0,0.0,4.0,0.0,0.0,0.0,0.0,0.0,0.0,0.0,0.0,1.0,0.0,0.0,0.0,2.0,1.0,18.0,1.0,0.0,3.0,0.0,2.0,143.0,1.0,0.0,2.0,2292.0,2.0,0.0,9.0,3.0,0.0,4.0,0.0,1.0,0.0,68.0,4.0,1.0,-1.0,1.0,3.0,-1.0,3.0,0.0,0.0,2.0,17.0,8.0,491.0,1.0,2.0,3.0,62.0,1052.0,3.0,1.0,1.0,11.0,179.0,3.0,0.0,0.0,0.0,4.0,1.0,59.0,-1.0,0.0,0.0,0.0,18.0,0.0,0.0,18.0,0.0,1.0,2.0,0.0,0.0,0.0,0.0,0.0,0.0,0.0,0.0,0.0,0.0,0.0,1.0,3.0,1.0,0.0,1.0,1.0,73616.0,1.0,9.0,1.0,3.0,0.0,1.0,0.0,0.0,0.0,1.0,1.0,7.0,1.0,-2.0,0.0,0.0,0.0,46.0,0.0,18.0,0.0,0.0,18.0,-2.0,0.0,0.0,3.0,0.0,8.0,0.0,2.0,128.0,128.0,0.0,254.0,1.0,1.0,1.0,510.0,256.0,1.0,127.0,15.0,3.0,3.0,1.0,3.0,2.0,3.0,511.0,255.0,255.0,1.0,0.0,0.0,0.0,1.0,1.0,255.0,255.0,0.0,1.0
ambient_highway_street_driving_diagnostics_min,75.0,0.0,14943.0,0.0,1.0,0.0,620.0,0.0,0.0,0.0,0.0,0.0,0.0,0.0,0.0,0.0,0.0,0.0,0.0,0.0,0.0,0.0,-19.0,0.0,3.0,0.0,0.0,125.0,0.0,0.0,0.0,0.0,66.0,7852.0,0.0,0.0,0.0,0.0,480.0,0.0,0.0,0.0,0.0,1.0,12.0,0.0,87.0,32765.0,0.0,117.0,0.0,511.0,2.0,0.0,0.0,0.0,32767.0,0.0,0.0,0.0,0.0,0.0,0.0,497.0,0.0,7.0,88.0,0.0,0.0,0.0,0.0,0.0,0.0,0.0,3.0,1.0,0.0,-352.0,1.0,140.0,1.0,0.0,4.0,-1.0,0.0,1.0,29.0,0.0,0.0,0.0,0.0,0.0,0.0,1.0,1.0,0.0,0.0,0.0,0.0,1.0,620.0,1.0,0.0,0.0,112.0,32768.0,620.0,0.0,0.0,15.0,0.0,0.0,0.0,-8.0,0.0,0.0,0.0,4.0,31.0,2.0,0.0,0.0,238.0,0.0,124.0,0.0,2047.0,0.0,508.0,510.0,-1.0,-124.0,0.0,-2.0,0.0,0.0,0.0,0.0,0.0,1.0,4.0,1651.0,0.0,0.0,2.0,511.0,0.0,0.0,0.0,1.0,1.0,112.0,0.0,32768.0,0.0,1.0,0.0,0.0,0.0,0.0,0.0,0.0,32768.0,501.0,500.0,0.0,0.0,-2.0,0.0,23.0,0.0,0.0,0.0,0.0,4095.0,4095.0,237.0,0.0,0.0,0.0,0.0,14.0,1.0,1.0,0.0,-128.0,-1.0,60.0,0.0,0.0,0.0,0.0,0.0,0.0,3.0,0.0,0.0,0.0,0.0,0.0,0.0,0.0,0.0,0.0,0.0,0.0,120.0,0.0,1.0,3.0,1.0,1.0,0.0,-2.0,0.0,0.0,102.0,1.0,1.0,0.0,0.0,0.0,-2.0,-1.0,386.0,1.0,0.0,1.0,0.0,0.0,0.0,0.0,56.0,-3.0,1.0,0.0,0.0,29.0,209.0,0.0,0.0,0.0,0.0,0.0,0.0,0.0,0.0,0.0,0.0,4.0,0.0,0.0,0.0,0.0,2.0,1.0,0.0,1.0,0.0,0.0,0.0,0.0,0.0,0.0,0.0,0.0,0.0,511.0,1.0,0.0,0.0,0.0,0.0,0.0,0.0,0.0,14998.0,0.0,0.0,0.0,0.0,0.0,0.0,0.0,0.0,0.0,0.0,510.0,0.0,24.0,35015.0,0.0,0.0,46.0,1.0,1.0,0.0,0.0,0.0,200.0,0.0,2.0,0.0,624.0,0.0,0.0,10.0,0.0,0.0,7.0,0.0,0.0,0.0,19.0,151.0,23.0,221.0,512.0,1.0,548.0,16.0,68.0,0.0,481.0,0.0,0.0,96.0,3.0,3.0,0.0,0.0,78.0,0.0,5.0,0.0,0.0,0.0,224.0,39.0,131.0,0.0,-2.0,0.0,0.0,0.0,0.0,1.0,0.0,0.0,0.0,0.0,0.0,0.0,0.0,0.0,0.0,0.0,0.0,0.0,0.0,0.0,0.0,0.0,0.0,-1.0,0.0,0.0,0.0,0.0,0.0,31.0,15.0,0.0,0.0,0.0,0.0,0.0,0.0,2.0,0.0,0.0,27.0,64.0,64.0,-2.0,0.0,0.0,-1.0,0.0,-1.0,-1.0,0.0,0.0,2.0,0.0,0.0,0.0,16129.0,0.0,0.0,0.0,0.0,-1.0,0.0,0.0,0.0,1888.0,-848.0,1402.0,506.0,0.0,3.0,0.0,95.0,0.0,82.0,648.0,0.0,0.0,2.0,0.0,4.0,0.0,2.0,0.0,46.0,31.0,1.0,1.0,1.0,62.0,0.0,3.0,62.0,1.0,1.0,1.0,0.0,1.0,1.0,0.0,0.0,-1.0,1.0,1.0,2.0,0.0,-1.0,0.0,0.0,0.0,0.0,-1.0,-3.0,0.0,4.0,0.0,13.0,0.0,0.0,0.0,0.0,0.0,0.0,5.0,1.0,0.0,24.0,3.0,0.0,2.0,0.0,236.0,1.0,3.0,0.0,15.0,0.0,2.0,-1.0,1.0,1.0,32.0,0.0,0.0,3.0,381.0,1.0,20.0,33.0,0.0,0.0,75.0,265.0,31.0,265.0,1.0,1.0,3.0,1.0,1.0,1.0,1.0,1.0,0.0,0.0,0.0,1.0,0.0,0.0,0.0,0.0,0.0,0.0,0.0,0.0,1.0,0.0,0.0,0.0,2.0,1.0,0.0,-2.0,0.0,0.0,0.0,2.0,143.0,1.0,0.0,0.0,0.0,2.0,0.0,1.0,3.0,0.0,4.0,0.0,1.0,0.0,1.0,3.0,1.0,-1.0,1.0,3.0,-1.0,3.0,0.0,0.0,0.0,1.0,8.0,477.0,1.0,2.0,3.0,62.0,1052.0,3.0,1.0,1.0,11.0,179.0,3.0,0.0,0.0,0.0,4.0,1.0,0.0,-1.0,0.0,0.0,0.0,17.0,0.0,0.0,18.0,0.0,1.0,1.0,0.0,0.0,0.0,0.0,0.0,0.0,0.0,0.0,0.0,0.0,0.0,1.0,3.0,0.0,0.0,1.0,1.0,0.0,0.0,0.0,0.0,0.0,0.0,0.0,0.0,0.0,0.0,0.0,1.0,5.0,1.0,-2.0,0.0,0.0,0.0,43.0,0.0,18.0,0.0,0.0,17.0,-2.0,0.0,0.0,0.0,-1.0,0.0,0.0,0.0,125.0,127.0,0.0,117.0,0.0,0.0,0.0,259.0,256.0,0.0,-128.0,0.0,2.0,1.0,0.0,1.0,0.0,0.0,233.0,0.0,0.0,0.0,-103.0,-1.0,-110.0,0.0,0.0,0.0,0.0,-1.0,0.0
ambient_dyno_drive_basic_short_max,1.0,145.0,4071.0,2.0,3.0,0.0,1.0,14.0,13.0,59.0,0.0,2.0,0.0,0.0,49.0,0.0,0.0,4.0,85.0,8534.0,0.0,1.0,3.0,1.0,453.0,0.0,1.0,0.0,0.0,0.0,0.0,117.0,0.0,0.0,0.0,0.0,0.0,1.0,59.0,1.0,1.0,3.0,1.0,3.0,405.0,-2.0,1.0,1.0,1.0,32.0,71.0,0.0,0.0,0.0,0.0,3.0,3.0,1.0,1.0,1.0,1.0,7.0,3.0,1.0,1.0,1.0,3.0,0.0,2.0,0.0,0.0,1.0,1.0,9.0,-1.0,3.0,0.0,0.0,1.0,0.0,0.0,1.0,1.0,11.0,3.0,0.0,1.0,9.0,3.0,50.0,3.0,1.0,1.0,17.0,0.0,0.0,2.0,0.0,1.0,0.0,0.0,0.0,1.0,4.0,49.0,1.0,3.0,3.0,272265.0,3.0,5.0,3.0,3.0,0.0,1.0,5.0,1.0,7.0,512.0,0.0,5.0,4.0,64.0,990.0,3.0,1.0,1.0,11.0,187.0,11.0,0.0,4.0,1.0,1.0,1.0,39630.0,0.0,4.0,1.0,0.0,0.0,1.0,0.0,0.0,0.0,99.0,253.0,20.0,254.0,1.0,0.0,1.0,2.0,1.0,1.0,0.0,4.0,1.0,0.0,0.0,2.0,1.0,0.0,0.0,0.0,1.0,2.0,3.0,0.0,0.0,1.0,18.0,1.0,1.0,3.0,1.0,0.0,0.0,0.0,0.0,0.0,0.0,0.0,1.0,2.0,1.0,1.0,3.0,1.0,1.0,1.0,1.0,0.0,0.0,-1.0,1.0,10.0,1.0,0.0,1.0,5.0,1.0,0.0,2.0,5.0,1.0,1.0,1.0,3534.0,2.0,0.0,1.0,3.0,1.0,0.0,0.0,0.0,0.0,1.0,3.0,1.0,1.0,1.0,1.0,1.0,0.0,0.0,0.0,0.0,0.0,0.0,0.0,0.0,0.0,0.0,0.0,0.0,2.0,0.0,0.0,0.0,0.0,0.0,0.0,19917.0,0.0,0.0,0.0,1.0,0.0,0.0,0.0,0.0,46.0,243.0,0.0,0.0,59.0,23.0,59.0,0.0,0.0,0.0,1.0,-1.0,0.0,0.0,0.0,0.0,2.0,0.0,200.0,0.0,2.0,0.0,607.0,1.0,0.0,10.0,0.0,20.0,33.0,114.0,0.0,0.0,128.0,1.0,4094.0,0.0,1022.0,1022.0,14.0,-1.0,15.0,0.0,511.0,0.0,0.0,1.0,4.0,1.0,218.0,15.0,32768.0,9024.0,0.0,0.0,0.0,2.0,0.0,0.0,0.0,0.0,4095.0,4095.0,252.0,0.0,15.0,1.0,1.0,126.0,1.0,2.0,15.0,-1.0,1.0,82.0,15.0,0.0,0.0,0.0,1.0,1.0,4320307586543.0,32765.0,0.0,131.0,15.0,511.0,2.0,3.0,1.0,1.0,32768.0,0.0,32768.0,502.0,501.0,1.0,1.0,0.0,0.0,0.0,1.0,0.0,502.0,1.0,650.0,701.0,0.0,0.0,1.0,0.0,0.0,0.0,0.0,511.0,1.0,120.0,0.0,0.0,0.0,1.0,0.0,0.0,0.0,1.0,15036.0,1.0,1.0,1771.0,1.0,1.0,0.0,0.0,1000.0,0.0,0.0,521.0,0.0,0.0,8.0,1.0,0.0,0.0,0.0,0.0,221.0,1.0,15196.0,0.0,3.0,1.0,0.0,0.0,1.0,266.0,1.0,0.0,4.0,-1.0,0.0,1.0,29.0,0.0,148.0,1.0,7.0,7657.0,0.0,0.0,3.0,0.0,110.0,0.0,0.0,0.0,0.0,0.0,227.0,10.0,3.0,1.0,993.0,0.0,18.0,2.0,0.0,10.0,8.0,20.0,20.0,3.0,1.0,1.0,1.0,0.0,0.0,0.0,3.0,31.0,3167.0,0.0,0.0,3.0,0.0,875.0,1.0,1818.0,0.0,1854.0,794.0,0.0,1.0,0.0,0.0,0.0,1.0,0.0,0.0,61.0,0.0,836.0,852.0,0.0,0.0,0.0,0.0,7.0,1.0,2.0,1.0,61.0,32.0,1.0,3.0,1.0,62.0,9.0,3.0,62.0,1.0,1.0,1.0,0.0,0.0,0.0,117.0,0.0,0.0,1.0,0.0,3.0,1.0,1.0,28.0,0.0,0.0,1.0,6.0,0.0,0.0,46.0,1.0,1.0,59.0,1.0,657.0,39.0,1.0,21.0,136.0,2.0,0.0,4.0,0.0,0.0,49.0,1.0,0.0,1.0,0.0,0.0,0.0,4.0,0.0,0.0,0.0,1.0,-1.0,1.0,3.0,19.0,138.0,1.0,0.0,1.0,1.0,0.0,0.0,1.0,1.0,0.0,0.0,0.0,0.0,2.0,0.0,1.0,632.0,1.0,21.0,219.0,512.0,1.0,497.0,16.0,59.0,0.0,482.0,0.0,0.0,96.0,3.0,7.0,7.0,1.0,127.0,32768.0,659.0,15.0,632.0,0.0,0.0,252.0,0.0,0.0,0.0,0.0,0.0,3.0,15.0,0.0,125.0,0.0,0.0,15.0,0.0,7.0,1.0,0.0,1.0,0.0,0.0,4.0,31.0,2.0,0.0,0.0,238.0,0.0,0.0,0.0,65.0,1.0,5.0,0.0,0.0,0.0,192.0,40.0,118.0,0.0,0.0,0.0,1.0,1.0,117.0,2.0,128.0,128.0,0.0,254.0,1.0,1.0,1.0,510.0,256.0,1.0,127.0,15.0,0.0,0.0,3.0,0.0,8.0,0.0,3.0,3.0,1.0,3.0,2.0,3.0,511.0,255.0,182.0,1.0,0.0,0.0,0.0,1.0,1.0,230.0,178.0
ambient_dyno_drive_basic_short_min,0.0,0.0,0.0,0.0,0.0,0.0,0.0,0.0,0.0,0.0,0.0,2.0,0.0,0.0,47.0,0.0,0.0,4.0,69.0,7944.0,0.0,0.0,0.0,0.0,424.0,0.0,1.0,0.0,0.0,0.0,0.0,117.0,0.0,0.0,0.0,0.0,0.0,1.0,46.0,1.0,0.0,0.0,0.0,0.0,404.0,-4.0,1.0,0.0,0.0,32.0,68.0,0.0,0.0,0.0,0.0,2.0,0.0,0.0,0.0,0.0,0.0,4.0,0.0,0.0,0.0,0.0,2.0,0.0,2.0,0.0,0.0,0.0,0.0,1.0,-8.0,2.0,0.0,0.0,0.0,-1.0,0.0,0.0,0.0,0.0,-1.0,-3.0,0.0,4.0,0.0,13.0,0.0,0.0,1.0,1.0,0.0,0.0,0.0,0.0,1.0,0.0,0.0,0.0,0.0,0.0,2.0,0.0,0.0,0.0,16129.0,0.0,0.0,0.0,0.0,-1.0,0.0,0.0,0.0,7.0,505.0,0.0,2.0,4.0,64.0,990.0,0.0,1.0,1.0,10.0,170.0,10.0,0.0,4.0,1.0,1.0,1.0,0.0,0.0,0.0,0.0,0.0,0.0,0.0,0.0,0.0,0.0,99.0,253.0,20.0,254.0,1.0,0.0,1.0,1.0,0.0,0.0,0.0,1.0,0.0,0.0,0.0,0.0,0.0,0.0,0.0,0.0,1.0,0.0,0.0,0.0,0.0,0.0,0.0,-2.0,0.0,0.0,0.0,0.0,0.0,0.0,0.0,0.0,0.0,0.0,0.0,0.0,0.0,1.0,2.0,0.0,0.0,1.0,1.0,0.0,0.0,-1.0,1.0,1.0,1.0,0.0,1.0,5.0,1.0,0.0,1.0,3.0,1.0,0.0,0.0,0.0,2.0,0.0,1.0,3.0,1.0,0.0,0.0,0.0,0.0,1.0,3.0,1.0,1.0,1.0,1.0,1.0,0.0,0.0,0.0,0.0,0.0,0.0,0.0,0.0,0.0,0.0,0.0,0.0,-1.0,0.0,0.0,0.0,0.0,0.0,0.0,19889.0,0.0,0.0,0.0,1.0,0.0,0.0,0.0,0.0,46.0,243.0,0.0,0.0,0.0,0.0,0.0,0.0,0.0,0.0,0.0,-1.0,-1.0,0.0,0.0,0.0,1.0,0.0,200.0,0.0,2.0,0.0,604.0,0.0,0.0,10.0,0.0,20.0,33.0,51.0,0.0,0.0,118.0,0.0,4094.0,0.0,1022.0,1022.0,-1.0,-46.0,0.0,-2.0,511.0,0.0,0.0,0.0,4.0,0.0,112.0,0.0,32412.0,0.0,0.0,0.0,0.0,2.0,0.0,0.0,0.0,0.0,4095.0,4095.0,237.0,0.0,0.0,0.0,0.0,15.0,1.0,0.0,0.0,-34.0,-1.0,80.0,0.0,0.0,0.0,-1.0,0.0,0.0,0.0,0.0,0.0,0.0,0.0,511.0,2.0,0.0,0.0,0.0,32767.0,0.0,32768.0,500.0,499.0,0.0,0.0,-2.0,0.0,0.0,0.0,0.0,497.0,0.0,0.0,0.0,0.0,0.0,0.0,0.0,0.0,0.0,0.0,511.0,0.0,0.0,0.0,0.0,0.0,0.0,-1.0,0.0,0.0,0.0,14999.0,0.0,0.0,0.0,0.0,0.0,0.0,0.0,0.0,0.0,0.0,511.0,0.0,0.0,7.0,0.0,0.0,0.0,0.0,0.0,132.0,0.0,14973.0,0.0,0.0,0.0,0.0,-226.0,0.0,0.0,0.0,0.0,3.0,-2.0,0.0,1.0,29.0,0.0,100.0,1.0,6.0,5000.0,0.0,0.0,2.0,0.0,0.0,0.0,0.0,0.0,0.0,0.0,0.0,1.0,0.0,0.0,0.0,0.0,0.0,0.0,0.0,0.0,0.0,0.0,0.0,-2.0,0.0,0.0,0.0,0.0,0.0,0.0,0.0,31.0,15.0,0.0,0.0,0.0,0.0,0.0,0.0,0.0,-428.0,0.0,515.0,0.0,0.0,0.0,0.0,0.0,0.0,0.0,0.0,36.0,0.0,87.0,0.0,0.0,0.0,0.0,0.0,4.0,0.0,2.0,0.0,46.0,31.0,1.0,1.0,0.0,30.0,0.0,2.0,46.0,1.0,1.0,0.0,0.0,-2.0,-1.0,0.0,0.0,0.0,1.0,0.0,3.0,1.0,1.0,28.0,0.0,0.0,1.0,6.0,0.0,0.0,43.0,0.0,0.0,0.0,0.0,0.0,0.0,0.0,0.0,124.0,0.0,0.0,4.0,0.0,0.0,46.0,1.0,0.0,0.0,0.0,0.0,0.0,3.0,0.0,0.0,0.0,1.0,-1.0,1.0,0.0,18.0,138.0,0.0,0.0,0.0,0.0,0.0,0.0,1.0,1.0,0.0,0.0,0.0,0.0,1.0,0.0,1.0,485.0,0.0,21.0,62.0,512.0,0.0,496.0,15.0,59.0,0.0,481.0,0.0,0.0,31.0,0.0,0.0,0.0,0.0,0.0,0.0,485.0,0.0,485.0,0.0,0.0,0.0,0.0,0.0,0.0,-19.0,0.0,0.0,0.0,0.0,125.0,0.0,0.0,15.0,0.0,0.0,0.0,-8.0,0.0,0.0,0.0,4.0,31.0,2.0,0.0,0.0,238.0,0.0,0.0,0.0,64.0,0.0,3.0,0.0,0.0,0.0,185.0,39.0,118.0,0.0,-2.0,0.0,0.0,0.0,76.0,0.0,127.0,127.0,0.0,124.0,0.0,0.0,0.0,266.0,256.0,0.0,-128.0,0.0,0.0,0.0,0.0,-1.0,0.0,0.0,1.0,2.0,1.0,3.0,0.0,0.0,233.0,0.0,0.0,0.0,-102.0,-1.0,-113.0,0.0,0.0,0.0,0.0
ambient_dyno_drive_radio_infotainment_max,3.0,0.0,0.0,27.0,13194.0,0.0,0.0,18.0,1.0,1.0,0.0,0.0,86.0,1.0,17782.0,0.0,222.0,1.0,2116.0,10924.0,549.0,581.0,0.0,-1.0,15.0,0.0,574.0,0.0,0.0,0.0,4.0,0.0,251.0,15.0,32768.0,9044.0,255.0,255.0,255.0,255.0,9457.0,9464.0,9497.0,9511.0,2118.0,2118.0,255.0,10965.0,15.0,-1.0,0.0,102.0,15.0,0.0,1.0,33716.0,0.0,255.0,15.0,511.0,2.0,3.0,1.0,0.0,33194.0,2371.0,33219.0,661.0,660.0,0.0,1.0,3.0,0.0,0.0,0.0,3.0,663.0,0.0,603.0,586.0,0.0,15.0,661.0,0.0,3.0,255.0,10962.0,0.0,0.0,0.0,157.0,246.0,1.0,126.0,15.0,1.0,1.0,0.0,1.0,2308.0,127.0,18604.0,3.0,15.0,785.0,129.0,0.0,0.0,0.0,0.0,0.0,0.0,0.0,0.0,0.0,104.0,8238.0,0.0,1.0,0.0,0.0,120.0,0.0,1.0,4.0,49.0,1.0,3.0,3.0,133554.0,3.0,5.0,3.0,3.0,0.0,1.0,5.0,1.0,1.0,0.0,0.0,0.0,0.0,43.0,0.0,0.0,0.0,0.0,0.0,1.0,0.0,508.0,255.0,255.0,0.0,0.0,0.0,1023.0,0.0,0.0,0.0,42.0,9.0,1.0,9.0,0.0,0.0,0.0,0.0,0.0,0.0,0.0,1.0,1.0,0.0,0.0,0.0,1.0,1.0,2.0,170.0,138.0,1.0,167.0,1.0,3.0,1.0,661.0,1.0,7.0,1.0,255.0,33226.0,672.0,1.0,3.0,15.0,0.0,7.0,1.0,-3.0,1.0,0.0,0.0,4.0,31.0,4.0,0.0,3.0,208.0,1.0,1.0,7.0,1.0,0.0,0.0,30.0,1.0,1.0,15.0,1.0,158.0,0.0,0.0,0.0,0.0,0.0,0.0,0.0,0.0,0.0,0.0,1.0,1.0,0.0,-1.0,-1.0,394.0,1.0,1.0,119.0,1.0,602.0,79.0,1.0,45.0,147.0,2.0,1.0,0.0,67.0,2.0,2.0,0.0,1011.0,2.0,196.0,2.0,1.0,1.0,0.0,3.0,1.0,0.0,-352.0,1.0,140.0,1.0,0.0,4.0,-1.0,0.0,1.0,29.0,43.0,116.0,2.0,2.0,1802.0,0.0,0.0,6.0,0.0,25.0,0.0,0.0,0.0,0.0,0.0,1.0,0.0,17619.0,1.0,1.0,2750.0,0.0,0.0,0.0,0.0,1000.0,0.0,0.0,773.0,0.0,59.0,18.0,0.0,0.0,0.0,7.0,1.0,1.0,10.0,0.0,43.0,1.0,0.0,0.0,0.0,1.0,4.0,0.0,1.0,0.0,1.0,349.0,1.0,2.0,1.0,472.0,1.0,0.0,10.0,7.0,1.0,63.0,1.0,1.0,3.0,1.0,3.0,93.0,5.0,0.0,1.0,1.0,21.0,0.0,0.0,10.0,0.0,0.0,735.0,0.0,19.0,2.0,0.0,0.0,28.0,66.0,66.0,-2.0,0.0,0.0,424.0,0.0,0.0,0.0,0.0,1.0,3.0,1.0,1.0,32.0,146.0,41.0,237.0,630.0,1.0,544.0,16.0,73.0,1022.0,655.0,254.0,0.0,96.0,3.0,4.0,75.0,0.0,14.0,0.0,0.0,0.0,137.0,165.0,126.0,255.0,-1.0,0.0,1.0,1.0,1.0,7.0,3.0,1.0,1.0,1.0,3.0,3.0,11.0,1.0,0.0,1.0,1.0,0.0,1.0,59.0,0.0,0.0,0.0,13194.0,0.0,1.0,0.0,0.0,0.0,0.0,-24.0,2.0,1.0,3.0,1000.0,5.0,60.0,5630.0,0.0,0.0,3.0,1.0,611.0,1.0,1724.0,-588.0,1168.0,0.0,31.0,-1.0,110.0,1.0,1.0,255.0,255.0,588.0,149.0,35.0,33.0,7.0,1.0,3.0,1.0,4.0,48.0,1.0,0.0,38.0,1.0,10.0,0.0,1.0,7.0,4.0,0.0,0.0,2.0,0.0,0.0,0.0,0.0,0.0,1.0,0.0,0.0,1.0,1.0,11.0,3.0,0.0,1.0,9.0,3.0,50.0,3.0,1.0,1.0,17.0,3.0,1.0,7.0,1.0,1.0,0.0,26.0,8.0,6.0,741.0,1.0,2.0,7.0,66.0,841.0,3.0,-1.0,0.0,-1.0,-1.0,0.0,4.0,1.0,92.0,252.0,29.0,253.0,1.0,0.0,1.0,2.0,1.0,1.0,0.0,4.0,0.0,0.0,0.0,3.0,0.0,0.0,0.0,0.0,0.0,3.0,0.0,0.0,0.0,1.0,18.0,1.0,1.0,0.0,0.0,3.0,0.0,0.0,0.0,0.0,0.0,0.0,0.0,0.0,0.0,1.0,0.0,0.0,0.0,1.0,1.0,0.0,0.0,-1.0,1.0,10.0,2.0,1.0,1.0,91416.0,0.0,0.0,0.0,0.0,0.0,0.0,0.0,0.0,0.0,9.0,1.0,3.0,1.0,1.0,1.0,1.0,1.0,1.0,-1.0,1.0,3.0,0.0,0.0,0.0,36.0,1.0,124.0,707.0,0.0,0.0,2.0,1.0,4.0,0.0,2.0,0.0,46.0,31.0,1.0,1.0,1.0,62.0,0.0,3.0,62.0,1.0,1.0,1.0,0.0,-1.0,52.0,-1.0,0.0,6.0,1.0,1.0,15.0,3.0,0.0,-1.0,3.0,1.0,1.0,3.0,51.0,3.0,3.0,59.0,485.0,0.0,8.0,7.0,14.0,51.0,4.0,1.0,1.0,1.0,23.0,5.0,1.0,3.0,466.0,3.0,0.0,0.0,-1.0,1.0
ambient_dyno_drive_radio_infotainment_min,3.0,0.0,0.0,27.0,13149.0,0.0,0.0,18.0,1.0,1.0,0.0,0.0,48.0,1.0,13625.0,0.0,2.0,1.0,1914.0,5610.0,475.0,497.0,0.0,-16.0,0.0,0.0,473.0,0.0,0.0,0.0,4.0,0.0,6.0,0.0,32466.0,0.0,0.0,0.0,0.0,0.0,4856.0,4844.0,4876.0,4879.0,1939.0,1939.0,0.0,5640.0,0.0,-16.0,0.0,92.0,0.0,0.0,1.0,33254.0,0.0,0.0,0.0,327.0,1.0,3.0,1.0,0.0,32737.0,0.0,32739.0,500.0,499.0,0.0,1.0,-4.0,0.0,0.0,0.0,0.0,439.0,0.0,559.0,337.0,0.0,0.0,602.0,0.0,0.0,0.0,5638.0,0.0,0.0,0.0,154.0,25.0,1.0,-128.0,0.0,1.0,1.0,0.0,1.0,0.0,-128.0,0.0,3.0,0.0,0.0,120.0,0.0,0.0,0.0,0.0,0.0,0.0,0.0,0.0,0.0,103.0,8223.0,0.0,1.0,0.0,0.0,0.0,0.0,0.0,0.0,1.0,0.0,0.0,0.0,16129.0,0.0,0.0,0.0,0.0,-1.0,0.0,0.0,0.0,1.0,0.0,0.0,0.0,0.0,43.0,0.0,0.0,0.0,0.0,0.0,1.0,0.0,2.0,0.0,0.0,0.0,0.0,0.0,1.0,0.0,0.0,0.0,0.0,8.0,1.0,0.0,0.0,0.0,0.0,0.0,0.0,0.0,0.0,1.0,1.0,0.0,0.0,0.0,0.0,1.0,2.0,91.0,125.0,0.0,163.0,1.0,3.0,1.0,614.0,1.0,0.0,1.0,0.0,32732.0,640.0,0.0,0.0,15.0,0.0,0.0,1.0,-10.0,1.0,0.0,0.0,4.0,31.0,1.0,0.0,3.0,201.0,1.0,1.0,7.0,1.0,0.0,0.0,15.0,1.0,1.0,0.0,1.0,157.0,0.0,0.0,0.0,0.0,0.0,0.0,0.0,0.0,0.0,0.0,0.0,0.0,0.0,-1.0,-1.0,376.0,1.0,1.0,60.0,1.0,562.0,40.0,1.0,23.0,146.0,2.0,0.0,0.0,0.0,0.0,1.0,0.0,541.0,2.0,120.0,0.0,0.0,0.0,0.0,3.0,1.0,0.0,-352.0,1.0,140.0,1.0,0.0,4.0,-1.0,0.0,1.0,29.0,28.0,78.0,2.0,1.0,1644.0,0.0,0.0,5.0,0.0,23.0,0.0,0.0,0.0,0.0,0.0,1.0,0.0,13582.0,1.0,1.0,2455.0,0.0,0.0,0.0,0.0,20.0,0.0,0.0,346.0,0.0,0.0,18.0,0.0,0.0,0.0,6.0,1.0,1.0,10.0,0.0,1.0,1.0,0.0,0.0,0.0,1.0,3.0,0.0,1.0,0.0,1.0,335.0,1.0,2.0,1.0,442.0,1.0,0.0,9.0,0.0,0.0,57.0,1.0,0.0,0.0,1.0,0.0,91.0,5.0,0.0,0.0,0.0,21.0,0.0,0.0,1.0,0.0,0.0,734.0,0.0,19.0,2.0,0.0,0.0,26.0,63.0,63.0,-2.0,0.0,0.0,39.0,0.0,0.0,0.0,0.0,0.0,3.0,1.0,1.0,18.0,145.0,41.0,234.0,454.0,1.0,537.0,15.0,73.0,0.0,479.0,0.0,0.0,96.0,3.0,3.0,63.0,0.0,-16.0,0.0,0.0,0.0,131.0,39.0,125.0,0.0,-8.0,0.0,1.0,0.0,0.0,5.0,2.0,0.0,0.0,0.0,2.0,3.0,11.0,1.0,0.0,1.0,0.0,0.0,1.0,59.0,0.0,0.0,0.0,13150.0,0.0,1.0,0.0,0.0,0.0,0.0,-24.0,0.0,0.0,1.0,0.0,1.0,23.0,417.0,0.0,0.0,0.0,0.0,504.0,1.0,1640.0,-686.0,1168.0,0.0,-171.0,-1.0,-156.0,1.0,1.0,0.0,0.0,581.0,128.0,33.0,26.0,7.0,1.0,3.0,1.0,4.0,48.0,1.0,0.0,23.0,1.0,10.0,0.0,1.0,6.0,4.0,0.0,0.0,2.0,0.0,0.0,0.0,0.0,0.0,0.0,-1.0,0.0,0.0,0.0,0.0,-1.0,-3.0,0.0,4.0,0.0,13.0,0.0,0.0,1.0,17.0,3.0,1.0,7.0,0.0,1.0,0.0,1.0,4.0,6.0,737.0,1.0,2.0,7.0,66.0,841.0,3.0,-1.0,0.0,-1.0,-1.0,0.0,4.0,1.0,90.0,248.0,29.0,253.0,1.0,0.0,1.0,2.0,0.0,1.0,0.0,4.0,0.0,0.0,0.0,0.0,0.0,0.0,0.0,0.0,0.0,0.0,0.0,0.0,0.0,1.0,18.0,1.0,0.0,0.0,0.0,3.0,0.0,0.0,0.0,0.0,0.0,0.0,0.0,0.0,0.0,1.0,0.0,0.0,0.0,1.0,1.0,0.0,0.0,-1.0,1.0,1.0,2.0,1.0,1.0,86655.0,0.0,0.0,0.0,0.0,0.0,0.0,0.0,0.0,0.0,1.0,1.0,3.0,1.0,1.0,1.0,1.0,1.0,1.0,-1.0,1.0,3.0,0.0,0.0,0.0,36.0,1.0,124.0,707.0,0.0,0.0,2.0,1.0,4.0,0.0,2.0,0.0,46.0,31.0,1.0,1.0,1.0,62.0,0.0,3.0,62.0,1.0,1.0,1.0,0.0,-16.0,16.0,-1.0,0.0,6.0,1.0,1.0,15.0,3.0,0.0,-1.0,3.0,1.0,1.0,3.0,51.0,3.0,0.0,0.0,1.0,0.0,8.0,7.0,14.0,8.0,3.0,1.0,1.0,1.0,19.0,3.0,0.0,0.0,4.0,0.0,0.0,0.0,-1.0,1.0
ambient_dyno_drive_extended_short_max,0.0,32989.0,501.0,500.0,0.0,1.0,-2.0,1.0,0.0,0.0,0.0,517.0,1.0,625.0,738.0,0.0,4095.0,4095.0,255.0,2035.0,15.0,0.0,0.0,30.0,2.0,1.0,15.0,1.0,160.0,7.0,1.0,3.0,1.0,28.0,32.0,0.0,3.0,0.0,54.0,8.0,2.0,60.0,1.0,1.0,1.0,0.0,127.0,800.0,94.0,15.0,1.0,1.0,1.0,2.0,128.0,128.0,0.0,170.0,1.0,0.0,0.0,267.0,258.0,1.0,19.0,15.0,1.0,0.0,252.0,255.0,255.0,0.0,0.0,0.0,0.0,0.0,0.0,0.0,0.0,0.0,32857.0,0.0,255.0,15.0,511.0,2.0,3.0,1.0,0.0,32984.0,0.0,0.0,1784.0,1770.0,1763.0,1762.0,-2.0,-1.0,193.0,-1.0,16.0,1.0,1.0,5.0,1.0,1.0,28.0,3.0,0.0,110.0,1.0,15435.0,0.0,0.0,0.0,1.0,0.0,0.0,1.0,1.0,0.0,0.0,0.0,1.0,2.0,629.0,1.0,7.0,0.0,255.0,33004.0,656.0,15.0,629.0,1.0,0.0,255.0,2034.0,0.0,0.0,127.0,0.0,3.0,15.0,118.0,129.0,0.0,0.0,15.0,0.0,7.0,0.0,-1.0,1.0,0.0,0.0,4.0,31.0,2.0,0.0,5.0,350.0,3.0,0.0,0.0,0.0,200.0,0.0,2.0,0.0,588.0,1.0,0.0,10.0,0.0,1.0,2.0,0.0,2.0,0.0,1.0,0.0,128.0,1.0,2052.0,2033.0,513.0,525.0,800.0,127.0,15.0,798.0,542.0,0.0,0.0,0.0,4.0,1.0,0.0,0.0,0.0,0.0,0.0,0.0,0.0,0.0,0.0,255.0,15.0,32768.0,9044.0,255.0,255.0,255.0,255.0,0.0,0.0,0.0,0.0,2.0,0.0,579.0,1.0,120.0,2.0,0.0,0.0,1.0,1.0,98.0,1.0,626.0,65.0,1.0,35.0,148.0,2.0,0.0,8.0,1.0,0.0,0.0,1.0,0.0,0.0,0.0,1.0,4.0,0.0,1.0,0.0,1.0,-1.0,1.0,3.0,0.0,0.0,0.0,15430.0,1.0,1.0,1900.0,0.0,1.0,0.0,0.0,1000.0,0.0,0.0,641.0,0.0,3.0,1.0,0.0,0.0,0.0,0.0,0.0,0.0,0.0,0.0,0.0,0.0,0.0,0.0,0.0,105.0,8221.0,0.0,1.0,0.0,0.0,645.0,1.0,0.0,3.0,1.0,0.0,-232.0,1.0,260.0,1.0,0.0,4.0,-1.0,0.0,1.0,29.0,0.0,107.0,1.0,4.0,6125.0,0.0,1.0,3.0,0.0,87.0,0.0,0.0,0.0,0.0,1.0,4.0,49.0,1.0,3.0,3.0,272523.0,3.0,5.0,3.0,3.0,0.0,1.0,5.0,1.0,0.0,0.0,0.0,0.0,0.0,0.0,0.0,117.0,0.0,0.0,0.0,0.0,0.0,0.0,0.0,0.0,0.0,0.0,0.0,3.0,0.0,162.0,10.0,2.0,2.0,1000.0,0.0,3.0,2.0,0.0,11.0,13.0,32.0,32.0,-2.0,1.0,1.0,19.0,126.0,28.0,228.0,512.0,1.0,440.0,15.0,59.0,0.0,481.0,254.0,0.0,96.0,3.0,4.0,1.0,1.0,1.0,61.0,63.0,0.0,5.0,0.0,0.0,0.0,224.0,59.0,106.0,0.0,0.0,0.0,0.0,1.0,1.0,3.0,1.0,3.0,419.0,1.0,1.0,1.0,1.0,32.0,69.0,0.0,0.0,0.0,0.0,3.0,3.0,1.0,1.0,1.0,1.0,7.0,3.0,1.0,1.0,1.0,3.0,0.0,2.0,0.0,0.0,1.0,1.0,9.0,115.0,3.0,3.0,1.0,2.0,0.0,5.0,35.0,3167.0,0.0,0.0,2.0,0.0,881.0,1.0,0.0,20672.0,0.0,0.0,0.0,1.0,0.0,0.0,0.0,59.0,0.0,2.0,0.0,0.0,2.0,0.0,0.0,5.0,0.0,-90.0,-1.0,-72.0,1.0,1.0,255.0,255.0,1000.0,1023.0,0.0,0.0,0.0,1.0,3.0,1.0,1.0,1.0,1.0,1.0,0.0,0.0,3.0,-1.0,7.0,0.0,9.0,0.0,0.0,1.0,0.0,0.0,1.0,1.0,11.0,3.0,0.0,1.0,9.0,3.0,50.0,3.0,1.0,1.0,17.0,0.0,0.0,3.0,0.0,1.0,0.0,68.0,4.0,7.0,536.0,0.0,2.0,4.0,64.0,992.0,3.0,0.0,46.0,243.0,0.0,4.0,1.0,1.0,6.0,20.0,14.0,59.0,0.0,0.0,1.0,0.0,-1.0,0.0,0.0,0.0,0.0,1.0,99.0,253.0,20.0,253.0,1.0,0.0,1.0,2.0,0.0,1.0,0.0,4.0,0.0,0.0,0.0,0.0,0.0,0.0,0.0,0.0,1.0,0.0,0.0,0.0,0.0,1.0,18.0,1.0,0.0,0.0,0.0,3.0,0.0,0.0,0.0,0.0,0.0,0.0,0.0,0.0,0.0,1.0,3.0,3.0,0.0,1.0,1.0,0.0,0.0,-1.0,1.0,10.0,1.0,20.0,35.0,89.0,0.0,1918.0,-165.0,2013.0,882.0,0.0,1.0,12.0,0.0,0.0,1.0,4288.0,0.0,1.0,1.0,1.0,7.0,1.0,1.0,3.0,1.0,-1.0,0.0,-1.0,-1.0,0.0,0.0,0.0,0.0,0.0,60.0,0.0,83.0,879.0,0.0,0.0,0.0,0.0,1.0,8.0,0.0,0.0,15.0,0.0,5.0,0.0,0.0,2.0,1.0,0.0,1.0
ambient_dyno_drive_extended_short_min,0.0,32649.0,501.0,500.0,0.0,1.0,-2.0,0.0,0.0,0.0,0.0,479.0,0.0,618.0,603.0,0.0,2047.0,2047.0,0.0,0.0,0.0,0.0,0.0,14.0,1.0,1.0,0.0,1.0,158.0,7.0,1.0,2.0,1.0,26.0,32.0,0.0,3.0,0.0,52.0,8.0,2.0,59.0,1.0,1.0,1.0,0.0,-128.0,0.0,67.0,0.0,1.0,1.0,1.0,2.0,124.0,127.0,0.0,166.0,1.0,0.0,0.0,255.0,245.0,1.0,-22.0,0.0,1.0,0.0,221.0,0.0,0.0,0.0,0.0,0.0,0.0,0.0,0.0,0.0,0.0,0.0,32589.0,0.0,0.0,0.0,346.0,2.0,3.0,1.0,0.0,32654.0,0.0,0.0,0.0,0.0,0.0,0.0,-2.0,-1.0,191.0,-1.0,16.0,1.0,1.0,5.0,1.0,1.0,28.0,3.0,0.0,104.0,1.0,14825.0,0.0,0.0,0.0,0.0,0.0,0.0,1.0,1.0,0.0,0.0,0.0,0.0,1.0,629.0,1.0,0.0,0.0,0.0,32756.0,648.0,0.0,629.0,0.0,0.0,0.0,0.0,0.0,0.0,-128.0,0.0,3.0,0.0,0.0,120.0,0.0,0.0,15.0,0.0,0.0,0.0,-9.0,0.0,0.0,0.0,4.0,31.0,2.0,0.0,0.0,226.0,0.0,0.0,0.0,0.0,200.0,0.0,2.0,0.0,587.0,1.0,0.0,10.0,0.0,1.0,2.0,0.0,2.0,0.0,1.0,0.0,121.0,1.0,2043.0,0.0,509.0,493.0,0.0,-128.0,0.0,0.0,476.0,0.0,0.0,0.0,4.0,0.0,0.0,0.0,0.0,0.0,0.0,0.0,0.0,0.0,0.0,0.0,0.0,32603.0,0.0,0.0,0.0,0.0,0.0,0.0,0.0,0.0,0.0,0.0,0.0,511.0,1.0,57.0,0.0,0.0,0.0,1.0,1.0,13.0,1.0,620.0,9.0,1.0,6.0,146.0,2.0,0.0,8.0,1.0,0.0,0.0,1.0,0.0,0.0,0.0,1.0,3.0,0.0,1.0,0.0,1.0,-1.0,1.0,3.0,0.0,0.0,0.0,14831.0,1.0,1.0,1525.0,0.0,0.0,0.0,0.0,20.0,0.0,0.0,487.0,0.0,0.0,0.0,0.0,0.0,0.0,0.0,0.0,0.0,0.0,0.0,0.0,0.0,0.0,0.0,0.0,104.0,8205.0,0.0,1.0,0.0,0.0,636.0,0.0,0.0,3.0,1.0,0.0,-232.0,1.0,260.0,1.0,0.0,4.0,-1.0,0.0,1.0,29.0,0.0,106.0,1.0,4.0,6088.0,0.0,1.0,3.0,0.0,86.0,0.0,0.0,0.0,0.0,0.0,0.0,2.0,0.0,0.0,0.0,16129.0,0.0,0.0,0.0,0.0,-1.0,0.0,0.0,0.0,0.0,0.0,0.0,0.0,0.0,0.0,0.0,117.0,0.0,0.0,0.0,0.0,0.0,0.0,0.0,0.0,0.0,0.0,-8.0,0.0,0.0,0.0,1.0,2.0,2.0,1000.0,0.0,3.0,2.0,0.0,7.0,13.0,32.0,32.0,-2.0,1.0,1.0,19.0,126.0,28.0,225.0,512.0,1.0,440.0,15.0,59.0,0.0,481.0,0.0,0.0,96.0,3.0,3.0,1.0,1.0,0.0,38.0,63.0,0.0,5.0,0.0,0.0,0.0,224.0,40.0,106.0,0.0,0.0,0.0,0.0,1.0,0.0,0.0,1.0,0.0,419.0,1.0,0.0,0.0,0.0,32.0,62.0,0.0,0.0,0.0,0.0,2.0,3.0,1.0,1.0,0.0,0.0,5.0,2.0,0.0,0.0,0.0,2.0,0.0,2.0,0.0,0.0,1.0,0.0,9.0,115.0,3.0,0.0,0.0,0.0,0.0,2.0,29.0,3152.0,0.0,0.0,2.0,0.0,858.0,1.0,0.0,20627.0,0.0,0.0,0.0,1.0,0.0,0.0,0.0,15.0,0.0,2.0,0.0,0.0,2.0,0.0,0.0,5.0,0.0,-107.0,-1.0,-172.0,1.0,1.0,0.0,0.0,0.0,0.0,0.0,0.0,0.0,1.0,3.0,1.0,1.0,1.0,1.0,1.0,-1.0,0.0,3.0,-1.0,7.0,0.0,1.0,0.0,0.0,0.0,-1.0,0.0,0.0,0.0,0.0,-1.0,-3.0,0.0,4.0,0.0,13.0,0.0,0.0,1.0,17.0,0.0,0.0,3.0,0.0,1.0,0.0,1.0,3.0,7.0,534.0,0.0,2.0,4.0,64.0,992.0,3.0,0.0,46.0,243.0,0.0,4.0,1.0,1.0,6.0,19.0,14.0,0.0,0.0,0.0,1.0,0.0,-1.0,0.0,0.0,0.0,0.0,1.0,97.0,253.0,18.0,251.0,1.0,0.0,1.0,2.0,0.0,1.0,0.0,4.0,0.0,0.0,0.0,0.0,0.0,0.0,0.0,0.0,1.0,0.0,0.0,0.0,0.0,1.0,18.0,1.0,0.0,0.0,0.0,0.0,0.0,0.0,0.0,0.0,0.0,0.0,0.0,0.0,0.0,1.0,0.0,0.0,0.0,1.0,1.0,0.0,0.0,-1.0,1.0,1.0,1.0,20.0,35.0,87.0,0.0,1918.0,-171.0,2013.0,876.0,0.0,1.0,12.0,0.0,0.0,1.0,4243.0,0.0,1.0,1.0,1.0,7.0,1.0,1.0,3.0,1.0,-1.0,0.0,-1.0,-1.0,0.0,0.0,0.0,0.0,0.0,52.0,0.0,69.0,857.0,0.0,0.0,0.0,0.0,1.0,8.0,0.0,0.0,13.0,0.0,5.0,0.0,0.0,2.0,1.0,-1.0,0.0
ambient_dyno_drive_benign_anomaly_max,76.0,1.0,15062.0,18.0,146.0,0.0,1.0,32765.0,0.0,131.0,15.0,0.0,0.0,0.0,1.0,0.0,0.0,1.0,1.0,0.0,0.0,0.0,0.0,2.0,511.0,2.0,3.0,1.0,0.0,32768.0,616.0,1.0,23.0,222.0,512.0,1.0,531.0,16.0,68.0,0.0,482.0,0.0,0.0,0.0,0.0,259.0,253.0,1.0,7.0,15.0,96.0,3.0,4.0,0.0,0.0,0.0,1.0,12.0,0.0,1.0,1.0,0.0,243.0,255.0,255.0,0.0,0.0,15.0,616.0,0.0,0.0,252.0,0.0,0.0,0.0,-4.0,0.0,3.0,15.0,0.0,125.0,0.0,0.0,0.0,15035.0,1.0,1.0,1771.0,0.0,1.0,0.0,0.0,1.0,0.0,0.0,0.0,500.0,0.0,591.0,685.0,0.0,1000.0,0.0,0.0,518.0,0.0,2.0,126.0,128.0,0.0,171.0,1.0,0.0,123.0,1.0,2049.0,0.0,511.0,512.0,891.0,127.0,15.0,991.0,511.0,0.0,1.0,0.0,1.0,1.0,127.0,15.0,32768.0,9024.0,0.0,0.0,0.0,0.0,0.0,0.0,0.0,0.0,4095.0,4095.0,252.0,0.0,15.0,127.0,891.0,94.0,15.0,0.0,2.0,143.0,1.0,0.0,2.0,2974.0,2.0,0.0,1.0,0.0,0.0,1.0,1.0,11.0,3.0,0.0,1.0,9.0,3.0,50.0,3.0,1.0,1.0,0.0,0.0,0.0,0.0,102.0,1.0,0.0,0.0,0.0,0.0,1.0,1.0,62.0,1.0,592.0,41.0,1.0,24.0,148.0,2.0,7.0,1.0,126.0,32768.0,638.0,0.0,0.0,15.0,0.0,7.0,1.0,-1.0,0.0,0.0,0.0,4.0,31.0,2.0,0.0,0.0,238.0,0.0,0.0,0.0,0.0,32768.0,501.0,500.0,0.0,1.0,-2.0,0.0,0.0,1.0,62.0,1.0,1.0,3.0,1.0,3.0,56.0,-3.0,1.0,1.0,1.0,29.0,0.0,0.0,0.0,0.0,0.0,0.0,0.0,0.0,0.0,210.0,0.0,0.0,0.0,0.0,3.0,3.0,1.0,1.0,1.0,1.0,7.0,3.0,1.0,1.0,1.0,3.0,1.0,0.0,1.0,0.0,1.0,1.0,0.0,0.0,10.0,0.0,0.0,0.0,0.0,0.0,24.0,35742.0,0.0,0.0,46.0,1.0,1.0,0.0,0.0,106.0,8227.0,0.0,1.0,0.0,0.0,645.0,1.0,1.0,0.0,0.0,0.0,1.0,4.0,0.0,1.0,0.0,1.0,0.0,0.0,0.0,3.0,31.0,527.0,0.0,0.0,3.0,0.0,439.0,1.0,1.0,162.0,0.0,0.0,30.0,2.0,1.0,15.0,0.0,3.0,1.0,0.0,-352.0,1.0,140.0,1.0,0.0,4.0,-1.0,0.0,1.0,29.0,0.0,66.0,1.0,4.0,1593.0,0.0,0.0,2.0,0.0,22.0,0.0,0.0,0.0,0.0,0.0,200.0,0.0,2.0,0.0,645.0,1.0,0.0,10.0,0.0,0.0,205.0,0.0,0.0,0.0,2.0,0.0,0.0,27.0,65.0,65.0,-2.0,0.0,0.0,0.0,0.0,3.0,-1.0,7.0,0.0,0.0,8.0,1.0,0.0,0.0,0.0,-93.0,-1.0,-102.0,1.0,1.0,254.0,255.0,-1.0,-1.0,388.0,2.0,2.0,0.0,1.0,0.0,0.0,0.0,0.0,0.0,0.0,0.0,0.0,0.0,0.0,0.0,0.0,0.0,0.0,0.0,0.0,0.0,0.0,0.0,511.0,2.0,120.0,0.0,0.0,0.0,79.0,0.0,5.0,0.0,0.0,0.0,268.0,39.0,126.0,0.0,0.0,0.0,0.0,1.0,1.0,7.0,1.0,1.0,1.0,1.0,0.0,-1.0,1.0,10.0,1.0,1.0,4.0,49.0,1.0,2.0,3.0,229660.0,3.0,7.0,3.0,3.0,0.0,1.0,5.0,1.0,1.0,3.0,1.0,2003.0,-848.0,1402.0,506.0,0.0,3.0,0.0,95.0,0.0,82.0,648.0,0.0,0.0,2.0,0.0,4.0,0.0,2.0,0.0,46.0,31.0,1.0,1.0,1.0,62.0,0.0,3.0,62.0,1.0,1.0,1.0,0.0,0.0,0.0,0.0,0.0,5.0,1.0,0.0,24.0,3.0,0.0,-1.0,0.0,-1.0,-1.0,75.0,265.0,31.0,265.0,1.0,-2.0,0.0,0.0,0.0,58.0,0.0,18.0,0.0,0.0,30.0,-2.0,0.0,1.0,0.0,4.0,0.0,0.0,0.0,0.0,0.0,0.0,0.0,0.0,1.0,0.0,0.0,0.0,2.0,1.0,18.0,1.0,0.0,0.0,9.0,0.0,0.0,0.0,0.0,0.0,0.0,0.0,0.0,0.0,0.0,0.0,1.0,3.0,1.0,0.0,20.0,35.0,0.0,0.0,1.0,3.0,1.0,1.0,1.0,1.0,1.0,1.0,-1.0,1.0,3.0,-1.0,3.0,1.0,1.0,11.0,179.0,3.0,1.0,1.0,0.0,0.0,0.0,0.0,0.0,0.0,0.0,0.0,0.0,0.0,0.0,0.0,0.0,0.0,1.0,17.0,3.0,0.0,4.0,0.0,1.0,0.0,0.0,0.0,8.0,557.0,1.0,2.0,3.0,62.0,1054.0,3.0,0.0,4.0,1.0,59.0,-1.0,0.0,0.0,0.0,30.0,0.0,0.0,18.0,0.0,1.0,2.0,2.0,0.0,236.0,1.0,3.0,12.0,15.0,59.0,2.0,-1.0,1.0,1.0,32.0,0.0,0.0,3.0,381.0,1.0,0.0,1.0
ambient_dyno_drive_benign_anomaly_min,75.0,1.0,15001.0,18.0,145.0,0.0,1.0,32765.0,0.0,116.0,0.0,0.0,0.0,0.0,0.0,0.0,0.0,1.0,1.0,0.0,0.0,0.0,0.0,1.0,511.0,2.0,3.0,1.0,0.0,32768.0,616.0,1.0,23.0,221.0,512.0,1.0,530.0,16.0,68.0,0.0,482.0,0.0,0.0,0.0,0.0,258.0,253.0,1.0,-9.0,0.0,96.0,3.0,3.0,0.0,0.0,0.0,1.0,12.0,0.0,1.0,1.0,0.0,233.0,0.0,0.0,0.0,0.0,0.0,616.0,0.0,0.0,237.0,0.0,0.0,0.0,-19.0,0.0,3.0,0.0,0.0,125.0,0.0,0.0,0.0,15007.0,1.0,1.0,1771.0,0.0,1.0,0.0,0.0,0.0,0.0,0.0,0.0,500.0,0.0,590.0,685.0,0.0,1000.0,0.0,0.0,514.0,0.0,2.0,123.0,127.0,0.0,167.0,1.0,0.0,122.0,1.0,2047.0,0.0,508.0,510.0,0.0,-128.0,0.0,0.0,511.0,0.0,1.0,0.0,1.0,1.0,112.0,0.0,32768.0,0.0,0.0,0.0,0.0,0.0,0.0,0.0,0.0,0.0,4095.0,4095.0,237.0,0.0,0.0,-128.0,0.0,58.0,0.0,0.0,2.0,143.0,1.0,0.0,2.0,2929.0,2.0,0.0,0.0,-1.0,0.0,0.0,0.0,0.0,-1.0,-3.0,0.0,4.0,0.0,13.0,0.0,0.0,1.0,0.0,0.0,0.0,0.0,102.0,1.0,0.0,0.0,0.0,0.0,1.0,1.0,13.0,1.0,591.0,9.0,1.0,6.0,147.0,2.0,0.0,1.0,112.0,32768.0,637.0,0.0,0.0,15.0,0.0,0.0,1.0,-8.0,0.0,0.0,0.0,4.0,31.0,2.0,0.0,0.0,238.0,0.0,0.0,0.0,0.0,32768.0,501.0,500.0,0.0,1.0,-2.0,0.0,0.0,1.0,41.0,1.0,1.0,1.0,1.0,1.0,56.0,-3.0,1.0,1.0,1.0,29.0,0.0,0.0,0.0,0.0,0.0,0.0,0.0,0.0,0.0,209.0,0.0,0.0,0.0,0.0,2.0,3.0,1.0,1.0,0.0,0.0,5.0,2.0,0.0,0.0,0.0,2.0,1.0,0.0,1.0,0.0,1.0,0.0,0.0,0.0,1.0,0.0,0.0,0.0,0.0,0.0,24.0,35697.0,0.0,0.0,46.0,1.0,1.0,0.0,0.0,105.0,8219.0,0.0,1.0,0.0,0.0,636.0,0.0,1.0,0.0,0.0,0.0,1.0,3.0,0.0,1.0,0.0,1.0,0.0,0.0,0.0,3.0,31.0,495.0,0.0,0.0,0.0,0.0,429.0,1.0,1.0,161.0,0.0,0.0,14.0,1.0,1.0,0.0,0.0,3.0,1.0,0.0,-352.0,1.0,140.0,1.0,0.0,4.0,-1.0,0.0,1.0,29.0,0.0,65.0,1.0,4.0,1589.0,0.0,0.0,2.0,0.0,22.0,0.0,0.0,0.0,0.0,0.0,200.0,0.0,2.0,0.0,644.0,1.0,0.0,10.0,0.0,0.0,192.0,0.0,0.0,0.0,2.0,0.0,0.0,27.0,65.0,65.0,-2.0,0.0,0.0,0.0,0.0,3.0,-1.0,7.0,0.0,0.0,8.0,1.0,0.0,0.0,0.0,-102.0,-1.0,-111.0,1.0,1.0,0.0,0.0,-1.0,-1.0,387.0,2.0,1.0,0.0,1.0,0.0,0.0,0.0,0.0,0.0,0.0,0.0,0.0,0.0,0.0,0.0,0.0,0.0,0.0,0.0,0.0,0.0,0.0,0.0,511.0,2.0,66.0,0.0,0.0,0.0,78.0,0.0,5.0,0.0,0.0,0.0,266.0,39.0,125.0,0.0,0.0,0.0,0.0,1.0,1.0,7.0,1.0,1.0,1.0,1.0,0.0,-1.0,1.0,1.0,1.0,0.0,0.0,2.0,0.0,0.0,0.0,16129.0,0.0,0.0,0.0,0.0,-1.0,0.0,0.0,0.0,1.0,3.0,1.0,2003.0,-848.0,1402.0,506.0,0.0,3.0,0.0,95.0,0.0,82.0,648.0,0.0,0.0,2.0,0.0,4.0,0.0,2.0,0.0,46.0,31.0,1.0,1.0,1.0,62.0,0.0,3.0,62.0,1.0,1.0,1.0,0.0,0.0,0.0,0.0,0.0,5.0,1.0,0.0,24.0,3.0,0.0,-1.0,0.0,-1.0,-1.0,75.0,265.0,31.0,265.0,1.0,-2.0,0.0,0.0,0.0,56.0,0.0,18.0,0.0,0.0,29.0,-2.0,0.0,1.0,0.0,4.0,0.0,0.0,0.0,0.0,0.0,0.0,0.0,0.0,1.0,0.0,0.0,0.0,2.0,1.0,18.0,1.0,0.0,0.0,1.0,0.0,0.0,0.0,0.0,0.0,0.0,0.0,0.0,0.0,0.0,0.0,1.0,3.0,0.0,0.0,20.0,35.0,0.0,0.0,1.0,3.0,1.0,1.0,1.0,1.0,1.0,1.0,-1.0,1.0,3.0,-8.0,2.0,1.0,1.0,11.0,179.0,3.0,1.0,1.0,0.0,0.0,0.0,0.0,0.0,0.0,0.0,0.0,0.0,0.0,0.0,0.0,0.0,0.0,1.0,17.0,3.0,0.0,4.0,0.0,1.0,0.0,0.0,0.0,8.0,554.0,1.0,2.0,3.0,62.0,1054.0,3.0,0.0,4.0,1.0,0.0,-1.0,0.0,0.0,0.0,29.0,0.0,0.0,18.0,0.0,1.0,2.0,2.0,0.0,236.0,1.0,3.0,11.0,15.0,0.0,2.0,-1.0,1.0,1.0,32.0,0.0,0.0,3.0,381.0,1.0,-1.0,0.0
ambient_dyno_reverse_max,1.0,224.0,13552.0,0.0,3.0,0.0,0.0,48.0,8.0,108.0,8667.0,0.0,1.0,3.0,1.0,215.0,1.0,1.0,1.0,0.0,4.0,1.0,0.0,0.0,2.0,1.0,0.0,0.0,0.0,1.0,2.0,3.0,0.0,0.0,1.0,18.0,1.0,1.0,3.0,1.0,4.0,49.0,1.0,3.0,3.0,272687.0,3.0,5.0,3.0,3.0,0.0,1.0,5.0,1.0,1.0,1.0,0.0,0.0,0.0,117.0,0.0,0.0,0.0,0.0,0.0,1.0,1.0,0.0,0.0,1.0,4.0,0.0,1.0,0.0,32765.0,0.0,131.0,15.0,511.0,2.0,3.0,1.0,1.0,32770.0,1.0,0.0,1.0,0.0,1.0,0.0,503.0,1.0,612.0,702.0,0.0,0.0,0.0,275.0,0.0,0.0,0.0,0.0,168.0,1.0,15183.0,0.0,3.0,1.0,0.0,0.0,1.0,253.0,1.0,0.0,4.0,-1.0,0.0,1.0,29.0,23.0,100.0,2.0,6.0,5000.0,0.0,0.0,5.0,0.0,62.0,0.0,0.0,0.0,0.0,1.0,4102657896035.0,0.0,32769.0,502.0,501.0,1.0,1.0,0.0,0.0,1.0,288.0,0.0,0.0,0.0,511.0,1.0,152.0,0.0,0.0,0.0,0.0,133.0,1.0,4094.0,0.0,1022.0,1022.0,957.0,124.0,15.0,958.0,511.0,0.0,0.0,1.0,4.0,1.0,216.0,15.0,32768.0,9024.0,220.0,209.0,113.0,72.0,4095.0,4095.0,252.0,0.0,15.0,126.0,957.0,93.0,15.0,0.0,0.0,1.0,15156.0,1.0,1.0,1771.0,1.0,1.0,0.0,0.0,1000.0,0.0,0.0,557.0,0.0,0.0,1.0,0.0,0.0,0.0,60.0,9.0,1.0,13.0,1.0,1.0,17.0,0.0,21140.0,0.0,1.0,0.0,1.0,0.0,0.0,0.0,0.0,91.0,10.0,1.0,2.0,895.0,0.0,24.0,1.0,1.0,107.0,1.0,619.0,71.0,1.0,39.0,150.0,2.0,1.0,416.0,1.0,2.0,1.0,598.0,1.0,0.0,10.0,0.0,3.0,1.0,126.0,2.0,2.0,15.0,1.0,0.0,2.0,0.0,5.0,31.0,3167.0,0.0,0.0,2.0,0.0,829.0,1.0,-1.0,3.0,0.0,32.0,0.0,0.0,0.0,1.0,3.0,1.0,1.0,1.0,1.0,62.0,1.0,1.0,3.0,1.0,3.0,433.0,2.0,1.0,1.0,1.0,32.0,71.0,0.0,1.0,0.0,1.0,3.0,3.0,1.0,1.0,1.0,1.0,7.0,3.0,1.0,1.0,1.0,3.0,0.0,2.0,0.0,0.0,1.0,1.0,9.0,179.0,3.0,0.0,0.0,0.0,0.0,0.0,0.0,0.0,0.0,0.0,0.0,0.0,0.0,3.0,1.0,-1.0,1.0,3.0,2.0,0.0,11.0,19.0,46.0,46.0,3.0,1.0,1.0,1.0,0.0,0.0,1.0,1.0,11.0,3.0,0.0,1.0,9.0,3.0,50.0,3.0,1.0,1797.0,0.0,1888.0,724.0,-1.0,0.0,-1.0,-1.0,59.0,0.0,2.0,0.0,0.0,11.0,0.0,0.0,5.0,1.0,9.0,0.0,0.0,45.0,0.0,5.0,0.0,0.0,11.0,1.0,1.0,1.0,0.0,0.0,-1.0,1.0,10.0,1.0,1.0,3.0,1.0,1.0,1.0,1.0,1.0,0.0,0.0,2.0,17.0,0.0,0.0,4.0,0.0,1.0,0.0,0.0,0.0,7.0,520.0,0.0,5.0,4.0,64.0,992.0,3.0,0.0,46.0,243.0,1.0,6.0,29.0,14.0,59.0,0.0,0.0,1.0,0.0,-1.0,0.0,0.0,0.0,0.0,1.0,0.0,4.0,1.0,104.0,259.0,23.0,258.0,1.0,0.0,1.0,2.0,1.0,3.0,0.0,0.0,0.0,0.0,0.0,0.0,1.0,1.0,1.0,1.0,3.0,3.0,1.0,9.0,0.0,2.0,16.0,1.0,0.0,1.0,4756.0,2.0,0.0,0.0,3.0,1.0,107.0,3.0,1000.0,827.0,1.0,1.0,3.0,1.0,7.0,1.0,2.0,1.0,62.0,31.0,1.0,3.0,1.0,62.0,6.0,3.0,62.0,1.0,1.0,1.0,0.0,0.0,0.0,3.0,0.0,5.0,1.0,1.0,22.0,6.0,0.0,0.0,0.0,250.0,37.0,178.0,14.0,1.0,1.0,7.0,1.0,1.0,1.0,13910.0,1.0,13.0,1.0,3.0,0.0,1.0,0.0,0.0,0.0,0.0,1.0,19.0,140.0,1.0,0.0,1.0,1.0,0.0,0.0,1.0,1.0,0.0,0.0,0.0,0.0,2.0,5.0,1.0,632.0,1.0,31.0,234.0,512.0,1.0,477.0,16.0,59.0,0.0,482.0,0.0,0.0,96.0,3.0,7.0,7.0,1.0,127.0,32878.0,660.0,15.0,632.0,1.0,0.0,252.0,0.0,0.0,0.0,0.0,0.0,3.0,15.0,0.0,125.0,0.0,0.0,15.0,0.0,7.0,1.0,0.0,1.0,0.0,0.0,4.0,31.0,2.0,0.0,5.0,348.0,5.0,0.0,0.0,109.0,2.0,13.0,0.0,0.0,0.0,189.0,40.0,120.0,0.0,0.0,0.0,1.0,1.0,171.0,2.0,143.0,128.0,0.0,254.0,1.0,1.0,1.0,510.0,256.0,1.0,127.0,15.0,0.0,0.0,3.0,0.0,8.0,0.0,3.0,3.0,1.0,3.0,2.0,3.0,511.0,255.0,255.0,1.0,0.0,0.0,0.0,1.0,1.0,255.0,255.0
ambient_dyno_reverse_min,0.0,0.0,0.0,-2.0,0.0,0.0,0.0,0.0,0.0,71.0,7926.0,0.0,0.0,0.0,0.0,178.0,0.0,0.0,0.0,0.0,1.0,0.0,0.0,0.0,0.0,0.0,0.0,0.0,0.0,1.0,0.0,0.0,0.0,0.0,0.0,0.0,-2.0,0.0,0.0,0.0,0.0,2.0,0.0,0.0,0.0,16129.0,0.0,0.0,0.0,0.0,-1.0,0.0,0.0,0.0,0.0,0.0,0.0,0.0,0.0,117.0,0.0,0.0,0.0,0.0,0.0,0.0,0.0,0.0,0.0,0.0,3.0,0.0,0.0,0.0,0.0,0.0,0.0,0.0,511.0,2.0,0.0,0.0,0.0,32766.0,0.0,-1.0,0.0,0.0,0.0,0.0,494.0,0.0,0.0,0.0,0.0,-2.0,-1.0,0.0,0.0,0.0,0.0,0.0,95.0,0.0,14972.0,0.0,0.0,0.0,0.0,-239.0,0.0,0.0,0.0,0.0,3.0,-2.0,0.0,1.0,29.0,0.0,59.0,1.0,6.0,4350.0,0.0,0.0,3.0,0.0,0.0,0.0,0.0,0.0,0.0,0.0,0.0,0.0,32768.0,500.0,500.0,0.0,0.0,-2.0,0.0,0.0,0.0,0.0,0.0,0.0,511.0,0.0,0.0,0.0,0.0,0.0,0.0,128.0,0.0,2047.0,0.0,505.0,508.0,-1.0,-128.0,0.0,-2.0,511.0,0.0,0.0,0.0,4.0,1.0,112.0,0.0,32412.0,0.0,220.0,209.0,113.0,72.0,4095.0,4095.0,237.0,0.0,0.0,-126.0,-1.0,72.0,0.0,0.0,0.0,0.0,15000.0,0.0,0.0,0.0,0.0,0.0,0.0,0.0,0.0,0.0,0.0,511.0,0.0,0.0,0.0,0.0,0.0,0.0,-64.0,7.0,0.0,-16.0,0.0,0.0,0.0,0.0,21104.0,0.0,0.0,0.0,1.0,0.0,0.0,0.0,0.0,0.0,1.0,0.0,0.0,0.0,0.0,0.0,0.0,0.0,0.0,0.0,0.0,0.0,0.0,0.0,125.0,0.0,0.0,200.0,0.0,2.0,0.0,515.0,1.0,-1.0,4.0,0.0,0.0,0.0,14.0,1.0,0.0,0.0,0.0,0.0,0.0,0.0,0.0,31.0,15.0,0.0,0.0,0.0,0.0,0.0,0.0,-8.0,2.0,0.0,0.0,0.0,0.0,0.0,1.0,3.0,1.0,1.0,1.0,1.0,39.0,1.0,0.0,0.0,0.0,0.0,433.0,-2.0,0.0,0.0,0.0,32.0,64.0,0.0,0.0,0.0,0.0,2.0,0.0,0.0,0.0,0.0,0.0,4.0,0.0,0.0,0.0,0.0,2.0,0.0,2.0,0.0,0.0,0.0,0.0,2.0,35.0,2.0,0.0,0.0,0.0,0.0,0.0,0.0,0.0,0.0,0.0,0.0,0.0,0.0,-8.0,1.0,-1.0,1.0,0.0,0.0,0.0,0.0,0.0,0.0,0.0,-2.0,0.0,0.0,0.0,-1.0,0.0,0.0,0.0,0.0,-1.0,-3.0,0.0,4.0,0.0,13.0,0.0,0.0,0.0,-712.0,0.0,548.0,-1.0,0.0,-1.0,-1.0,0.0,0.0,2.0,0.0,0.0,10.0,0.0,0.0,5.0,1.0,9.0,0.0,0.0,43.0,0.0,5.0,0.0,0.0,10.0,1.0,1.0,1.0,0.0,0.0,-1.0,1.0,1.0,1.0,1.0,3.0,1.0,1.0,1.0,1.0,1.0,0.0,0.0,0.0,1.0,0.0,0.0,3.0,0.0,1.0,0.0,0.0,0.0,7.0,512.0,0.0,2.0,4.0,64.0,992.0,0.0,0.0,46.0,243.0,1.0,6.0,28.0,14.0,0.0,0.0,0.0,1.0,0.0,-1.0,0.0,0.0,0.0,0.0,1.0,0.0,4.0,1.0,104.0,259.0,23.0,258.0,1.0,0.0,1.0,1.0,0.0,0.0,0.0,0.0,0.0,0.0,0.0,0.0,0.0,0.0,0.0,1.0,2.0,0.0,0.0,1.0,0.0,1.0,15.0,1.0,0.0,0.0,0.0,2.0,0.0,0.0,0.0,0.0,0.0,0.0,66.0,0.0,0.0,0.0,0.0,0.0,4.0,0.0,1.0,0.0,46.0,31.0,1.0,1.0,0.0,53.0,0.0,2.0,53.0,1.0,1.0,1.0,0.0,0.0,0.0,3.0,0.0,5.0,1.0,1.0,22.0,6.0,0.0,0.0,0.0,20.0,34.0,0.0,0.0,1.0,1.0,7.0,1.0,1.0,1.0,0.0,0.0,0.0,0.0,0.0,0.0,0.0,0.0,0.0,0.0,-1.0,0.0,18.0,139.0,0.0,0.0,0.0,0.0,0.0,0.0,0.0,1.0,0.0,0.0,0.0,0.0,1.0,0.0,0.0,485.0,0.0,31.0,62.0,512.0,0.0,477.0,15.0,59.0,0.0,481.0,0.0,0.0,31.0,0.0,0.0,0.0,0.0,0.0,0.0,485.0,0.0,485.0,0.0,0.0,0.0,0.0,0.0,0.0,-19.0,0.0,0.0,0.0,0.0,125.0,0.0,0.0,15.0,0.0,0.0,0.0,-11.0,0.0,0.0,0.0,4.0,31.0,2.0,0.0,0.0,238.0,0.0,0.0,0.0,59.0,0.0,-15.0,0.0,0.0,0.0,182.0,40.0,119.0,0.0,-2.0,0.0,0.0,0.0,76.0,0.0,111.0,127.0,0.0,126.0,0.0,0.0,0.0,251.0,256.0,0.0,-128.0,0.0,0.0,0.0,0.0,-1.0,0.0,0.0,1.0,2.0,0.0,2.0,0.0,0.0,233.0,0.0,0.0,0.0,-116.0,-1.0,-117.0,0.0,0.0,0.0,0.0
ambient_dyno_drive_winter_max,0.0,0.0,273.0,242.0,1.0,26.0,15.0,1.0,419407621752.0,32767.0,0.0,131.0,15.0,0.0,128.0,1.0,511.0,2.0,3.0,1.0,0.0,32775.0,4094.0,0.0,1022.0,1022.0,84.0,1.0,15377.0,964.0,124.0,15.0,1065.0,15.0,627.0,0.0,3.0,252.0,0.0,0.0,582.0,-4.0,4700.0,3.0,15.0,0.0,125.0,511.0,0.0,1.0,1.0,1.0,1.0,129.0,15.0,32768.0,9024.0,0.0,0.0,2.0,2.0,0.0,0.0,0.0,0.0,580.0,32768.0,536.0,535.0,0.0,1.0,1.0,1.0,1.0,1.0,2.0,540.0,1.0,600.0,696.0,0.0,1.0,0.0,0.0,2.0,0.0,0.0,565.0,2.0,120.0,1.0,0.0,0.0,0.0,0.0,0.0,0.0,0.0,0.0,0.0,0.0,0.0,4095.0,4095.0,252.0,0.0,15.0,123.0,964.0,94.0,15.0,1.0,0.0,244.0,255.0,255.0,-1.0,0.0,-1.0,-1.0,3.0,126.0,129.0,1.0,170.0,1.0,0.0,0.0,0.0,0.0,0.0,1.0,0.0,0.0,1.0,1.0,0.0,0.0,0.0,0.0,2.0,627.0,1.0,7.0,1.0,129.0,32768.0,652.0,1.0,3.0,15.0,0.0,7.0,1.0,-1.0,1.0,0.0,0.0,4.0,31.0,2.0,1.0,0.0,238.0,0.0,0.0,0.0,0.0,0.0,0.0,15360.0,1.0,1.0,1772.0,0.0,1.0,0.0,0.0,1000.0,0.0,0.0,509.0,0.0,0.0,1.0,105.0,8219.0,0.0,1.0,3.0,0.0,461.0,1.0,24.0,36858.0,0.0,0.0,46.0,1.0,1.0,0.0,0.0,1.0,4.0,49.0,1.0,2.0,3.0,230072.0,3.0,7.0,3.0,3.0,0.0,1.0,5.0,1.0,0.0,0.0,1.0,0.0,0.0,0.0,0.0,102.0,1.0,0.0,0.0,0.0,0.0,1.0,1.0,67.0,1.0,603.0,44.0,1.0,25.0,147.0,2.0,1.0,161.0,0.0,0.0,10.0,0.0,0.0,0.0,0.0,0.0,2.0,0.0,236.0,1.0,0.0,0.0,0.0,1.0,4.0,0.0,1.0,0.0,1.0,3.0,34.0,15.0,59.0,2.0,-1.0,1.0,1.0,32.0,0.0,0.0,3.0,381.0,2.0,0.0,200.0,0.0,2.0,0.0,652.0,1.0,0.0,10.0,0.0,1.0,63.0,21.0,142.0,23.0,222.0,520.0,1.0,539.0,16.0,68.0,551.0,530.0,0.0,0.0,96.0,3.0,4.0,0.0,2.0,149.0,1.0,1.0,2.0,4090.0,2.0,2.0,0.0,799.0,0.0,0.0,0.0,1.0,0.0,0.0,1.0,1.0,11.0,3.0,0.0,1.0,9.0,3.0,50.0,3.0,1.0,78.0,0.0,5.0,0.0,0.0,0.0,243.0,38.0,122.0,150.0,0.0,0.0,0.0,1.0,1.0,3.0,1.0,3.0,61.0,-2.0,1.0,1.0,1.0,29.0,212.0,0.0,0.0,0.0,0.0,3.0,3.0,1.0,1.0,0.0,0.0,0.0,1.0,12.0,1.0,1.0,7.0,3.0,1.0,1.0,1.0,3.0,1.0,0.0,1.0,0.0,1.0,1.0,0.0,0.0,0.0,0.0,0.0,0.0,0.0,0.0,0.0,0.0,0.0,0.0,0.0,0.0,8.0,1.0,0.0,0.0,-1.0,-1.0,403.0,1.0,1.0,1.0,0.0,-1.0,1.0,10.0,1.0,9.0,2.0,0.0,0.0,28.0,67.0,67.0,-2.0,0.0,0.0,0.0,3.0,1.0,0.0,-352.0,1.0,140.0,1.0,0.0,4.0,-1.0,0.0,1.0,29.0,0.0,69.0,1.0,5.0,1605.0,0.0,0.0,2.0,0.0,23.0,0.0,0.0,0.0,0.0,0.0,1.0,1.0,60.0,3.0,31.0,24591.0,0.0,0.0,3.0,0.0,585.0,1.0,2.0,2.0,0.0,1.0,1.0,1.0,126.0,2.0,2.0,15.0,0.0,-93.0,-1.0,-101.0,1.0,1.0,255.0,251.0,0.0,0.0,3.0,0.0,7.0,0.0,1.0,1.0,-1.0,1.0,1.0,11.0,179.0,3.0,1.0,1.0,0.0,4.0,1.0,0.0,0.0,2.0,1.0,1.0,0.0,1.0,1.0,2.0,3.0,0.0,2.0,1.0,18.0,1.0,1.0,3.0,1.0,-1.0,1.0,3.0,2010.0,-680.0,1402.0,564.0,-2.0,1.0,0.0,0.0,32.0,0.0,18.0,0.0,0.0,50.0,-2.0,0.0,1.0,-1.0,3.0,20.0,38.0,0.0,0.0,1.0,1.0,7.0,1.0,0.0,0.0,3.0,1.0,1.0,17.0,3.0,0.0,5.0,0.0,1.0,0.0,44.0,3.0,8.0,586.0,1.0,5.0,3.0,63.0,1055.0,3.0,1.0,3.0,2.0,55.0,260.0,26.0,258.0,1.0,59.0,-1.0,0.0,0.0,0.0,52.0,0.0,0.0,18.0,0.0,1.0,2.0,1.0,3.0,1.0,1.0,0.0,0.0,0.0,1.0,0.0,0.0,0.0,1.0,3.0,1.0,1.0,3.0,1.0,1.0,0.0,3.0,0.0,95.0,0.0,82.0,648.0,0.0,0.0,2.0,0.0,4.0,0.0,2.0,0.0,46.0,31.0,1.0,1.0,1.0,62.0,0.0,3.0,62.0,1.0,1.0,1.0,0.0,0.0,0.0,0.0,0.0,6.0,1.0,0.0,26.0,3.0,0.0,1.0,3.0,1.0,1.0,1.0,1.0,1.0,0.0,0.0,0.0,0.0,0.0,0.0,0.0,0.0,0.0
ambient_dyno_drive_winter_min,0.0,0.0,271.0,221.0,1.0,-12.0,0.0,0.0,1.0,32764.0,0.0,114.0,0.0,0.0,77.0,0.0,511.0,1.0,0.0,0.0,0.0,32759.0,2046.0,0.0,508.0,510.0,75.0,0.0,14476.0,-1.0,-128.0,0.0,-2.0,0.0,578.0,0.0,0.0,0.0,0.0,0.0,117.0,-19.0,246.0,3.0,0.0,0.0,125.0,511.0,0.0,0.0,0.0,1.0,1.0,112.0,0.0,32767.0,0.0,0.0,0.0,2.0,2.0,0.0,0.0,0.0,0.0,0.0,32768.0,504.0,503.0,0.0,0.0,-2.0,0.0,0.0,0.0,0.0,465.0,0.0,3.0,111.0,0.0,0.0,0.0,0.0,0.0,0.0,0.0,560.0,1.0,12.0,0.0,0.0,0.0,0.0,-128.0,0.0,0.0,0.0,0.0,0.0,0.0,0.0,4095.0,4095.0,237.0,0.0,0.0,-121.0,-1.0,44.0,0.0,1.0,0.0,232.0,0.0,0.0,-1.0,0.0,-1.0,-1.0,2.0,107.0,127.0,0.0,125.0,1.0,0.0,0.0,0.0,0.0,0.0,0.0,0.0,0.0,1.0,1.0,0.0,0.0,0.0,0.0,1.0,592.0,1.0,0.0,0.0,112.0,32767.0,634.0,0.0,0.0,15.0,0.0,0.0,0.0,-8.0,0.0,0.0,0.0,4.0,31.0,2.0,0.0,0.0,238.0,0.0,0.0,0.0,0.0,0.0,0.0,14486.0,0.0,0.0,0.0,0.0,0.0,0.0,0.0,0.0,0.0,0.0,458.0,0.0,0.0,1.0,65.0,7908.0,0.0,0.0,0.0,0.0,0.0,0.0,24.0,36851.0,0.0,0.0,46.0,1.0,1.0,0.0,0.0,0.0,0.0,2.0,0.0,0.0,0.0,16129.0,0.0,0.0,0.0,0.0,-1.0,0.0,0.0,0.0,0.0,0.0,1.0,0.0,0.0,0.0,0.0,102.0,1.0,0.0,0.0,0.0,0.0,0.0,0.0,0.0,0.0,0.0,0.0,0.0,0.0,125.0,0.0,0.0,108.0,0.0,0.0,1.0,0.0,0.0,0.0,0.0,0.0,2.0,0.0,236.0,1.0,0.0,0.0,0.0,1.0,3.0,0.0,1.0,0.0,1.0,3.0,32.0,15.0,0.0,2.0,-1.0,1.0,1.0,-1.0,-1.0,0.0,3.0,381.0,1.0,0.0,200.0,0.0,2.0,0.0,650.0,1.0,-1.0,10.0,0.0,0.0,0.0,19.0,142.0,23.0,220.0,448.0,1.0,538.0,16.0,68.0,406.0,479.0,0.0,0.0,96.0,3.0,3.0,0.0,1.0,145.0,0.0,0.0,0.0,0.0,0.0,0.0,0.0,770.0,0.0,0.0,0.0,0.0,-1.0,0.0,0.0,0.0,0.0,-1.0,-3.0,0.0,4.0,0.0,13.0,0.0,0.0,78.0,0.0,4.0,0.0,0.0,0.0,242.0,38.0,122.0,137.0,-2.0,0.0,0.0,1.0,0.0,0.0,0.0,0.0,60.0,-2.0,1.0,0.0,0.0,29.0,207.0,0.0,0.0,0.0,0.0,2.0,0.0,1.0,0.0,0.0,0.0,0.0,1.0,12.0,0.0,0.0,4.0,0.0,0.0,0.0,0.0,2.0,1.0,0.0,1.0,0.0,0.0,0.0,0.0,0.0,0.0,0.0,0.0,0.0,0.0,0.0,0.0,0.0,0.0,0.0,-1.0,0.0,7.0,0.0,0.0,0.0,-1.0,-1.0,386.0,1.0,1.0,1.0,0.0,-1.0,1.0,1.0,1.0,1.0,2.0,0.0,0.0,27.0,64.0,64.0,-2.0,0.0,0.0,0.0,3.0,1.0,0.0,-352.0,1.0,140.0,1.0,0.0,4.0,-1.0,0.0,1.0,29.0,0.0,0.0,1.0,5.0,1596.0,0.0,0.0,2.0,0.0,22.0,0.0,0.0,0.0,0.0,0.0,1.0,0.0,0.0,0.0,31.0,559.0,0.0,0.0,0.0,0.0,519.0,1.0,2.0,2.0,0.0,1.0,0.0,0.0,15.0,1.0,0.0,0.0,0.0,-102.0,-1.0,-112.0,1.0,1.0,1.0,0.0,0.0,0.0,2.0,-1.0,0.0,0.0,1.0,1.0,-1.0,0.0,0.0,10.0,162.0,2.0,0.0,0.0,0.0,1.0,0.0,0.0,0.0,0.0,0.0,0.0,0.0,0.0,1.0,0.0,0.0,0.0,2.0,0.0,0.0,-2.0,0.0,0.0,1.0,-1.0,1.0,3.0,2010.0,-680.0,1402.0,564.0,-2.0,1.0,0.0,0.0,16.0,0.0,18.0,0.0,0.0,50.0,-2.0,-1.0,0.0,-8.0,2.0,20.0,38.0,0.0,0.0,1.0,1.0,7.0,1.0,0.0,0.0,0.0,0.0,1.0,17.0,3.0,0.0,4.0,0.0,1.0,0.0,0.0,0.0,8.0,487.0,1.0,2.0,3.0,63.0,1054.0,0.0,1.0,3.0,2.0,55.0,260.0,26.0,258.0,1.0,0.0,-1.0,0.0,0.0,0.0,50.0,0.0,0.0,18.0,0.0,1.0,2.0,1.0,3.0,1.0,0.0,0.0,0.0,0.0,0.0,0.0,0.0,0.0,0.0,0.0,0.0,1.0,0.0,0.0,0.0,0.0,3.0,0.0,95.0,0.0,82.0,648.0,0.0,0.0,2.0,0.0,4.0,0.0,2.0,0.0,46.0,31.0,1.0,1.0,1.0,62.0,0.0,3.0,62.0,1.0,1.0,1.0,0.0,0.0,0.0,0.0,0.0,6.0,1.0,0.0,26.0,3.0,0.0,1.0,3.0,1.0,1.0,1.0,1.0,1.0,0.0,0.0,0.0,0.0,0.0,0.0,0.0,0.0,0.0
